,ts_code,ann_date,nav_date,unit_nav,accum_nav,accum_div,net_asset,total_netasset,adj_nav,update_flag
0,161130.SZ,20240119,20240117,2.7492,2.7492,,,,2.7492,0
1,161130.SZ,20240118,20240116,2.7629,2.7629,,,,2.7629,0
2,161130.SZ,20240117,20240115,2.7615,2.7615,,,,2.7615,0
3,161130.SZ,20240116,20240112,2.7603,2.7603,,,,2.7603,0
4,161130.SZ,20240113,20240111,2.7598,2.7598,,,,2.7598,0
5,161130.SZ,20240112,20240110,2.7544,2.7544,,,,2.7544,0
6,161130.SZ,20240111,20240109,2.735,2.735,,,,2.735,0
7,161130.SZ,20240110,20240108,2.7302,2.7302,,,,2.7302,0
8,161130.SZ,20240109,20240105,2.6777,2.6777,,,,2.6777,0
9,161130.SZ,20240106,20240104,2.6727,2.6727,,,,2.6727,0
10,161130.SZ,20240105,20240103,2.6865,2.6865,,,,2.6865,0
11,161130.SZ,20240104,20240102,2.7052,2.7052,,,,2.7052,0
12,161130.SZ,20240103,20231231,2.7511,2.7511,,,,2.7511,0
13,161130.SZ,20240119,20231231,2.7511,2.7511,,780932280.51,789493965.22,2.7511,1
14,161130.SZ,20240103,20231229,2.751,2.751,,,,2.751,0
15,161130.SZ,20231230,20231228,2.7675,2.7675,,,,2.7675,0
16,161130.SZ,20231229,20231227,2.77,2.77,,,,2.77,0
17,161130.SZ,20231228,20231226,2.7643,2.7643,,,,2.7643,0
18,161130.SZ,20231227,20231225,2.7504,2.7504,,,,2.7504,0
19,161130.SZ,20231226,20231222,2.7487,2.7487,,,,2.7487,0
20,161130.SZ,20231223,20231221,2.7478,2.7478,,,,2.7478,0
21,161130.SZ,20231222,20231220,2.7155,2.7155,,,,2.7155,0
22,161130.SZ,20231221,20231219,2.7564,2.7564,,,,2.7564,0
23,161130.SZ,20231220,20231218,2.7413,2.7413,,,,2.7413,0
24,161130.SZ,20231219,20231215,2.7255,2.7255,,,,2.7255,0
25,161130.SZ,20231216,20231214,2.718,2.718,,,,2.718,0
26,161130.SZ,20231215,20231213,2.7232,2.7232,,,,2.7232,0
27,161130.SZ,20231214,20231212,2.6925,2.6925,,,,2.6925,0
28,161130.SZ,20231213,20231211,2.6711,2.6711,,,,2.6711,0
29,161130.SZ,20231212,20231208,2.6474,2.6474,,,,2.6474,0
30,161130.SZ,20231209,20231207,2.6394,2.6394,,,,2.6394,0
31,161130.SZ,20231208,20231206,2.6015,2.6015,,,,2.6015,0
32,161130.SZ,20231207,20231205,2.6152,2.6152,,,,2.6152,0
33,161130.SZ,20231206,20231204,2.6054,2.6054,,,,2.6054,0
34,161130.SZ,20231205,20231201,2.6331,2.6331,,,,2.6331,0
35,161130.SZ,20231202,20231130,2.6225,2.6225,,,,2.6225,0
36,161130.SZ,20231201,20231129,2.6289,2.6289,,,,2.6289,0
37,161130.SZ,20231130,20231128,2.6356,2.6356,,,,2.6356,0
38,161130.SZ,20231129,20231127,2.6285,2.6285,,,,2.6285,0
39,161130.SZ,20231128,20231124,2.6312,2.6312,,,,2.6312,0
40,161130.SZ,20231125,20231123,2.6362,2.6362,,,,2.6362,0
41,161130.SZ,20231124,20231122,2.6379,2.6379,,,,2.6379,0
42,161130.SZ,20231123,20231121,2.6327,2.6327,,,,2.6327,0
43,161130.SZ,20231122,20231120,2.6557,2.6557,,,,2.6557,0
44,161130.SZ,20231121,20231117,2.6306,2.6306,,,,2.6306,0
45,161130.SZ,20231118,20231116,2.6296,2.6296,,,,2.6296,0
46,161130.SZ,20231117,20231115,2.6282,2.6282,,,,2.6282,0
47,161130.SZ,20231116,20231114,2.6279,2.6279,,,,2.6279,0
48,161130.SZ,20231115,20231113,2.5757,2.5757,,,,2.5757,0
49,161130.SZ,20231114,20231110,2.583,2.583,,,,2.583,0
50,161130.SZ,20231111,20231109,2.528,2.528,,,,2.528,0
51,161130.SZ,20231110,20231108,2.5473,2.5473,,,,2.5473,0
52,161130.SZ,20231109,20231107,2.5449,2.5449,,,,2.5449,0
53,161130.SZ,20231108,20231106,2.5226,2.5226,,,,2.5226,0
54,161130.SZ,20231107,20231103,2.5144,2.5144,,,,2.5144,0
55,161130.SZ,20231104,20231102,2.4858,2.4858,,,,2.4858,0
56,161130.SZ,20231103,20231101,2.4447,2.4447,,,,2.4447,0
57,161130.SZ,20231102,20231031,2.4041,2.4041,,,,2.4041,0
58,161130.SZ,20231101,20231030,2.3927,2.3927,,,,2.3927,0
59,161130.SZ,20231031,20231027,2.3675,2.3675,,,,2.3675,0
60,161130.SZ,20231028,20231026,2.3565,2.3565,,,,2.3565,0
61,161130.SZ,20231027,20231025,2.3998,2.3998,,,,2.3998,0
62,161130.SZ,20231026,20231024,2.4575,2.4575,,,,2.4575,0
63,161130.SZ,20231025,20231023,2.4352,2.4352,,,,2.4352,0
64,161130.SZ,20231024,20231020,2.4283,2.4283,,,,2.4283,0
65,161130.SZ,20231021,20231019,2.4633,2.4633,,,,2.4633,0
66,161130.SZ,20231020,20231018,2.483,2.483,,,,2.483,0
67,161130.SZ,20231019,20231017,2.5165,2.5165,,,,2.5165,0
68,161130.SZ,20231018,20231016,2.5244,2.5244,,,,2.5244,0
69,161130.SZ,20231017,20231013,2.4957,2.4957,,,,2.4957,0
70,161130.SZ,20231014,20231012,2.5256,2.5256,,,,2.5256,0
71,161130.SZ,20231013,20231011,2.5348,2.5348,,,,2.5348,0
72,161130.SZ,20231012,20231010,2.5174,2.5174,,,,2.5174,0
73,161130.SZ,20231011,20231009,2.5044,2.5044,,,,2.5044,0
74,161130.SZ,20231025,20230930,2.452,2.452,,766695412.42,775684338.57,2.452,0
75,161130.SZ,20231010,20230928,2.4502,2.4502,,,,2.4502,0
76,161130.SZ,20230929,20230927,2.428,2.428,,,,2.428,0
77,161130.SZ,20230928,20230926,2.423,2.423,,,,2.423,0
78,161130.SZ,20230927,20230925,2.4583,2.4583,,,,2.4583,0
79,161130.SZ,20230926,20230922,2.4479,2.4479,,,,2.4479,0
80,161130.SZ,20230923,20230921,2.4468,2.4468,,,,2.4468,0
81,161130.SZ,20230922,20230920,2.4905,2.4905,,,,2.4905,0
82,161130.SZ,20230921,20230919,2.5251,2.5251,,,,2.5251,0
83,161130.SZ,20230920,20230918,2.5306,2.5306,,,,2.5306,0
84,161130.SZ,20230919,20230915,2.529,2.529,,,,2.529,0
85,161130.SZ,20230916,20230914,2.5756,2.5756,,,,2.5756,0
86,161130.SZ,20230915,20230913,2.556,2.556,,,,2.556,0
87,161130.SZ,20230914,20230912,2.55,2.55,,,,2.55,0
88,161130.SZ,20230913,20230911,2.5833,2.5833,,,,2.5833,0
89,161130.SZ,20230912,20230908,2.5546,2.5546,,,,2.5546,0
90,161130.SZ,20230909,20230907,2.5453,2.5453,,,,2.5453,0
91,161130.SZ,20230908,20230906,2.5627,2.5627,,,,2.5627,0
92,161130.SZ,20230907,20230905,2.5777,2.5777,,,,2.5777,0
93,161130.SZ,20230906,20230904,2.5752,2.5752,,,,2.5752,0
94,161130.SZ,20230905,20230901,2.5753,2.5753,,,,2.5753,0
95,161130.SZ,20230902,20230831,2.5778,2.5778,,,,2.5778,0
96,161130.SZ,20230901,20230830,2.5715,2.5715,,,,2.5715,0
97,161130.SZ,20230831,20230829,2.559,2.559,,,,2.559,0
98,161130.SZ,20230830,20230828,2.5081,2.5081,,,,2.5081,0
99,161130.SZ,20230829,20230825,2.4917,2.4917,,,,2.4917,0
100,161130.SZ,20230826,20230824,2.4722,2.4722,,,,2.4722,0
101,161130.SZ,20230825,20230823,2.528,2.528,,,,2.528,0
102,161130.SZ,20230824,20230822,2.4894,2.4894,,,,2.4894,0
103,161130.SZ,20230823,20230821,2.4937,2.4937,,,,2.4937,0
104,161130.SZ,20230822,20230818,2.4552,2.4552,,,,2.4552,0
105,161130.SZ,20230819,20230817,2.461,2.461,,,,2.461,0
106,161130.SZ,20230818,20230816,2.4834,2.4834,,,,2.4834,0
107,161130.SZ,20230817,20230815,2.5011,2.5011,,,,2.5011,0
108,161130.SZ,20230816,20230814,2.5248,2.5248,,,,2.5248,0
109,161130.SZ,20230815,20230811,2.4934,2.4934,,,,2.4934,0
110,161130.SZ,20230812,20230810,2.5086,2.5086,,,,2.5086,0
111,161130.SZ,20230811,20230809,2.5045,2.5045,,,,2.5045,0
112,161130.SZ,20230810,20230808,2.5305,2.5305,,,,2.5305,0
113,161130.SZ,20230809,20230807,2.5453,2.5453,,,,2.5453,0
114,161130.SZ,20230808,20230804,2.5257,2.5257,,,,2.5257,0
115,161130.SZ,20230805,20230803,2.5409,2.5409,,,,2.5409,0
116,161130.SZ,20230804,20230802,2.5393,2.5393,,,,2.5393,0
117,161130.SZ,20230803,20230801,2.591,2.591,,,,2.591,0
118,161130.SZ,20230802,20230731,2.598,2.598,,,,2.598,0
119,161130.SZ,20230801,20230728,2.5985,2.5985,,,,2.5985,0
120,161130.SZ,20230729,20230727,2.5508,2.5508,,,,2.5508,0
121,161130.SZ,20230728,20230726,2.5574,2.5574,,,,2.5574,0
122,161130.SZ,20230727,20230725,2.5711,2.5711,,,,2.5711,0
123,161130.SZ,20230726,20230724,2.5551,2.5551,,,,2.5551,0
124,161130.SZ,20230725,20230721,2.552,2.552,,,,2.552,0
125,161130.SZ,20230722,20230720,2.5589,2.5589,,,,2.5589,0
126,161130.SZ,20230721,20230719,2.6164,2.6164,,,,2.6164,0
127,161130.SZ,20230720,20230718,2.6176,2.6176,,,,2.6176,0
128,161130.SZ,20230719,20230717,2.5929,2.5929,,,,2.5929,0
129,161130.SZ,20230718,20230714,2.5698,2.5698,,,,2.5698,0
130,161130.SZ,20230715,20230713,2.5785,2.5785,,,,2.5785,0
131,161130.SZ,20230714,20230712,2.5453,2.5453,,,,2.5453,0
132,161130.SZ,20230713,20230711,2.52,2.52,,,,2.52,0
133,161130.SZ,20230712,20230710,2.5098,2.5098,,,,2.5098,0
134,161130.SZ,20230711,20230707,2.513,2.513,,,,2.513,0
135,161130.SZ,20230708,20230706,2.5228,2.5228,,,,2.5228,0
136,161130.SZ,20230707,20230705,2.5365,2.5365,,,,2.5365,0
137,161130.SZ,20230706,20230704,2.5399,2.5399,,,,2.5399,0
138,161130.SZ,20230705,20230703,2.5439,2.5439,,,,2.5439,0
139,161130.SZ,20230704,20230630,2.5428,2.5428,,,,2.5428,0
140,161130.SZ,20230720,20230630,2.5428,2.5428,,873246350.0,885106637.69,2.5428,1
141,161130.SZ,20230701,20230629,2.5029,2.5029,,,,2.5029,0
142,161130.SZ,20230630,20230628,2.5031,2.5031,,,,2.5031,0
143,161130.SZ,20230629,20230627,2.5,2.5,,,,2.5,0
144,161130.SZ,20230628,20230626,2.4575,2.4575,,,,2.4575,0
145,161130.SZ,20230627,20230621,2.4772,2.4772,,,,2.4772,0
146,161130.SZ,20230622,20230620,2.5022,2.5022,,,,2.5022,0
147,161130.SZ,20230621,20230619,2.4906,2.4906,,,,2.4906,0
148,161130.SZ,20230620,20230616,2.4939,2.4939,,,,2.4939,0
149,161130.SZ,20230617,20230615,2.5172,2.5172,,,,2.5172,0
150,161130.SZ,20230616,20230614,2.4918,2.4918,,,,2.4918,0
151,161130.SZ,20230615,20230613,2.4728,2.4728,,,,2.4728,0
152,161130.SZ,20230614,20230612,2.4446,2.4446,,,,2.4446,0
153,161130.SZ,20230613,20230609,2.4011,2.4011,,,,2.4011,0
154,161130.SZ,20230610,20230608,2.3998,2.3998,,,,2.3998,0
155,161130.SZ,20230609,20230607,2.3684,2.3684,,,,2.3684,0
156,161130.SZ,20230608,20230606,2.4044,2.4044,,,,2.4044,0
157,161130.SZ,20230607,20230605,2.3984,2.3984,,,,2.3984,0
158,161130.SZ,20230606,20230602,2.3982,2.3982,,,,2.3982,0
159,161130.SZ,20230603,20230601,2.3826,2.3826,,,,2.3826,0
160,161130.SZ,20230602,20230531,2.3483,2.3483,,,,2.3483,0
161,161130.SZ,20230601,20230530,2.3641,2.3641,,,,2.3641,0
162,161130.SZ,20230531,20230529,2.3471,2.3471,,,,2.3471,0
163,161130.SZ,20230530,20230526,2.3535,2.3535,,,,2.3535,0
164,161130.SZ,20230527,20230525,2.2896,2.2896,,,,2.2896,0
165,161130.SZ,20230526,20230524,2.2386,2.2386,,,,2.2386,0
166,161130.SZ,20230525,20230523,2.2421,2.2421,,,,2.2421,0
167,161130.SZ,20230524,20230522,2.2647,2.2647,,,,2.2647,0
168,161130.SZ,20230523,20230519,2.264,2.264,,,,2.264,0
169,161130.SZ,20230520,20230518,2.2563,2.2563,,,,2.2563,0
170,161130.SZ,20230519,20230517,2.2112,2.2112,,,,2.2112,0
171,161130.SZ,20230518,20230516,2.1773,2.1773,,,,2.1773,0
172,161130.SZ,20230517,20230515,2.18,2.18,,,,2.18,0
173,161130.SZ,20230516,20230512,2.1634,2.1634,,,,2.1634,0
174,161130.SZ,20230513,20230511,2.1588,2.1588,,,,2.1588,0
175,161130.SZ,20230512,20230510,2.1584,2.1584,,,,2.1584,0
176,161130.SZ,20230511,20230509,2.1344,2.1344,,,,2.1344,0
177,161130.SZ,20230510,20230508,2.1453,2.1453,,,,2.1453,0
178,161130.SZ,20230509,20230505,2.1392,2.1392,,,,2.1392,0
179,161130.SZ,20230506,20230504,2.095,2.095,,,,2.095,0
180,161130.SZ,20230505,20230428,2.142,2.142,,,,2.142,0
181,161130.SZ,20230429,20230427,2.1276,2.1276,,,,2.1276,0
182,161130.SZ,20230428,20230426,2.0738,2.0738,,,,2.0738,0
183,161130.SZ,20230427,20230425,2.0496,2.0496,,,,2.0496,0
184,161130.SZ,20230426,20230424,2.0869,2.0869,,,,2.0869,0
185,161130.SZ,20230425,20230421,2.0893,2.0893,,,,2.0893,0
186,161130.SZ,20230422,20230420,2.0942,2.0942,,,,2.0942,0
187,161130.SZ,20230421,20230419,2.1022,2.1022,,,,2.1022,0
188,161130.SZ,20230420,20230418,2.1053,2.1053,,,,2.1053,0
189,161130.SZ,20230419,20230417,2.1006,2.1006,,,,2.1006,0
190,161130.SZ,20230418,20230414,2.0973,2.0973,,,,2.0973,0
191,161130.SZ,20230415,20230413,2.1036,2.1036,,,,2.1036,0
192,161130.SZ,20230414,20230412,2.0692,2.0692,,,,2.0692,0
193,161130.SZ,20230413,20230411,2.0881,2.0881,,,,2.0881,0
194,161130.SZ,20230412,20230410,2.098,2.098,,,,2.098,0
195,161130.SZ,20230411,20230407,2.1022,2.1022,,,,2.1022,0
196,161130.SZ,20230408,20230406,2.0994,2.0994,,,,2.0994,0
197,161130.SZ,20230407,20230404,2.1038,2.1038,,,,2.1038,0
198,161130.SZ,20230405,20230403,2.1141,2.1141,,,,2.1141,0
199,161130.SZ,20230404,20230331,2.1166,2.1166,,,,2.1166,0
200,161130.SZ,20230421,20230331,2.1166,2.1166,,858413636.32,877118173.99,2.1166,1
201,161130.SZ,20230401,20230330,2.088,2.088,,,,2.088,0
202,161130.SZ,20230331,20230329,2.0664,2.0664,,,,2.0664,0
203,161130.SZ,20230330,20230328,2.0294,2.0294,,,,2.0294,0
204,161130.SZ,20230329,20230327,2.0381,2.0381,,,,2.0381,0
205,161130.SZ,20230328,20230324,2.0427,2.0427,,,,2.0427,0
206,161130.SZ,20230325,20230323,2.0469,2.0469,,,,2.0469,0
207,161130.SZ,20230324,20230322,2.0224,2.0224,,,,2.0224,0
208,161130.SZ,20230323,20230321,2.0504,2.0504,,,,2.0504,0
209,161130.SZ,20230322,20230320,2.0209,2.0209,,,,2.0209,0
210,161130.SZ,20230321,20230317,2.0248,2.0248,,,,2.0248,0
211,161130.SZ,20230318,20230316,2.0373,2.0373,,,,2.0373,0
212,161130.SZ,20230317,20230315,1.9727,1.9727,,,,1.9727,0
213,161130.SZ,20230316,20230314,1.9723,1.9723,,,,1.9723,0
214,161130.SZ,20230315,20230313,1.9408,1.9408,,,,1.9408,0
215,161130.SZ,20230314,20230310,1.9339,1.9339,,,,1.9339,0
216,161130.SZ,20230311,20230309,1.9602,1.9602,,,,1.9602,0
217,161130.SZ,20230310,20230308,1.9905,1.9905,,,,1.9905,0
218,161130.SZ,20230309,20230307,1.9706,1.9706,,,,1.9706,0
219,161130.SZ,20230308,20230306,1.9883,1.9883,,,,1.9883,0
220,161130.SZ,20230307,20230303,1.9913,1.9913,,,,1.9913,0
221,161130.SZ,20230304,20230302,1.945,1.945,,,,1.945,0
222,161130.SZ,20230303,20230301,1.9443,1.9443,,,,1.9443,0
223,161130.SZ,20230302,20230228,1.9635,1.9635,,,,1.9635,0
224,161130.SZ,20230301,20230227,1.9674,1.9674,,,,1.9674,0
225,161130.SZ,20230228,20230224,1.937,1.937,,,,1.937,0
226,161130.SZ,20230225,20230223,1.9719,1.9719,,,,1.9719,0
227,161130.SZ,20230224,20230222,1.9472,1.9472,,,,1.9472,0
228,161130.SZ,20230223,20230221,1.941,1.941,,,,1.941,0
229,161130.SZ,20230222,20230220,1.9891,1.9891,,,,1.9891,0
230,161130.SZ,20230221,20230217,1.9897,1.9897,,,,1.9897,0
231,161130.SZ,20230218,20230216,1.9988,1.9988,,,,1.9988,0
232,161130.SZ,20230217,20230215,2.0267,2.0267,,,,2.0267,0
233,161130.SZ,20230216,20230214,2.0101,2.0101,,,,2.0101,0
234,161130.SZ,20230215,20230213,1.997,1.997,,,,1.997,0
235,161130.SZ,20230214,20230210,1.9599,1.9599,,,,1.9599,0
236,161130.SZ,20230211,20230209,1.9718,1.9718,,,,1.9718,0
237,161130.SZ,20230210,20230208,1.9847,1.9847,,,,1.9847,0
238,161130.SZ,20230209,20230207,2.0257,2.0257,,,,2.0257,0
239,161130.SZ,20230208,20230206,1.9799,1.9799,,,,1.9799,0
240,161130.SZ,20230207,20230203,1.9864,1.9864,,,,1.9864,0
241,161130.SZ,20230204,20230202,2.0134,2.0134,,,,2.0134,0
242,161130.SZ,20230203,20230201,1.9582,1.9582,,,,1.9582,0
243,161130.SZ,20230202,20230131,1.9225,1.9225,,,,1.9225,0
244,161130.SZ,20230201,20230130,1.895,1.895,,,,1.895,0
245,161130.SZ,20230131,20230120,1.8539,1.8539,,,,1.8539,0
246,161130.SZ,20230121,20230119,1.8054,1.8054,,,,1.8054,0
247,161130.SZ,20230120,20230118,1.8207,1.8207,,,,1.8207,0
248,161130.SZ,20230119,20230117,1.833,1.833,,,,1.833,0
249,161130.SZ,20230118,20230116,1.8285,1.8285,,,,1.8285,0
250,161130.SZ,20230117,20230113,1.8326,1.8326,,,,1.8326,0
251,161130.SZ,20230114,20230112,1.8303,1.8303,,,,1.8303,0
252,161130.SZ,20230113,20230111,1.8237,1.8237,,,,1.8237,0
253,161130.SZ,20230112,20230110,1.7912,1.7912,,,,1.7912,0
254,161130.SZ,20230111,20230109,1.7925,1.7925,,,,1.7925,0
255,161130.SZ,20230110,20230106,1.7979,1.7979,,,,1.7979,0
256,161130.SZ,20230107,20230105,1.7534,1.7534,,,,1.7534,0
257,161130.SZ,20230106,20230104,1.7842,1.7842,,,,1.7842,0
258,161130.SZ,20230105,20230103,1.7842,1.7842,,,,1.7842,0
259,161130.SZ,20230102,20221231,1.8,1.8,,,,1.8,0
260,161130.SZ,20230120,20221231,1.8,1.8,,777385577.24,798207288.65,1.8,1
261,161130.SZ,20230104,20221230,1.8001,1.8001,,,,1.8001,0
262,161130.SZ,20221231,20221229,1.8053,1.8053,,,,1.8053,0
263,161130.SZ,20221230,20221228,1.7612,1.7612,,,,1.7612,0
264,161130.SZ,20221229,20221227,1.78,1.78,,,,1.78,0
265,161130.SZ,20221228,20221226,1.8117,1.8117,,,,1.8117,0
266,161130.SZ,20221227,20221223,1.8115,1.8115,,,,1.8115,0
267,161130.SZ,20221224,20221222,1.8047,1.8047,,,,1.8047,0
268,161130.SZ,20221223,20221221,1.8463,1.8463,,,,1.8463,0
269,161130.SZ,20221222,20221220,1.8263,1.8263,,,,1.8263,0
270,161130.SZ,20221221,20221219,1.8255,1.8255,,,,1.8255,0
271,161130.SZ,20221220,20221216,1.8511,1.8511,,,,1.8511,0
272,161130.SZ,20221217,20221215,1.8558,1.8558,,,,1.8558,0
273,161130.SZ,20221216,20221214,1.9216,1.9216,,,,1.9216,0
274,161130.SZ,20221215,20221213,1.9414,1.9414,,,,1.9414,0
275,161130.SZ,20221214,20221212,1.917,1.917,,,,1.917,0
276,161130.SZ,20221213,20221209,1.8957,1.8957,,,,1.8957,0
277,161130.SZ,20221210,20221208,1.9076,1.9076,,,,1.9076,0
278,161130.SZ,20221209,20221207,1.8952,1.8952,,,,1.8952,0
279,161130.SZ,20221208,20221206,1.8975,1.8975,,,,1.8975,0
280,161130.SZ,20221207,20221205,1.951,1.951,,,,1.951,0
281,161130.SZ,20221206,20221202,1.9878,1.9878,,,,1.9878,0
282,161130.SZ,20221203,20221201,2.0135,2.0135,,,,2.0135,0
283,161130.SZ,20221202,20221130,2.0258,2.0258,,,,2.0258,0
284,161130.SZ,20221201,20221129,1.9475,1.9475,,,,1.9475,0
285,161130.SZ,20221130,20221128,1.9515,1.9515,,,,1.9515,0
286,161130.SZ,20221129,20221125,1.9712,1.9712,,,,1.9712,0
287,161130.SZ,20221126,20221124,1.9807,1.9807,,,,1.9807,0
288,161130.SZ,20221125,20221123,1.9829,1.9829,,,,1.9829,0
289,161130.SZ,20221124,20221122,1.9747,1.9747,,,,1.9747,0
290,161130.SZ,20221123,20221121,1.937,1.937,,,,1.937,0
291,161130.SZ,20221122,20221118,1.9525,1.9525,,,,1.9525,0
292,161130.SZ,20221119,20221117,1.9415,1.9415,,,,1.9415,0
293,161130.SZ,20221118,20221116,1.9376,1.9376,,,,1.9376,0
294,161130.SZ,20221117,20221115,1.9655,1.9655,,,,1.9655,0
295,161130.SZ,20221116,20221114,1.9514,1.9514,,,,1.9514,0
296,161130.SZ,20221115,20221111,1.9957,1.9957,,,,1.9957,0
297,161130.SZ,20221112,20221110,1.9751,1.9751,,,,1.9751,0
298,161130.SZ,20221111,20221109,1.8402,1.8402,,,,1.8402,0
299,161130.SZ,20221110,20221108,1.8811,1.8811,,,,1.8811,0
300,161130.SZ,20221109,20221107,1.8715,1.8715,,,,1.8715,0
301,161130.SZ,20221108,20221104,1.859,1.859,,,,1.859,0
302,161130.SZ,20221105,20221103,1.8299,1.8299,,,,1.8299,0
303,161130.SZ,20221104,20221102,1.8576,1.8576,,,,1.8576,0
304,161130.SZ,20221103,20221101,1.9156,1.9156,,,,1.9156,0
305,161130.SZ,20221102,20221031,1.9262,1.9262,,,,1.9262,0
306,161130.SZ,20221101,20221028,1.9469,1.9469,,,,1.9469,0
307,161130.SZ,20221029,20221027,1.8881,1.8881,,,,1.8881,0
308,161130.SZ,20221028,20221026,1.9234,1.9234,,,,1.9234,0
309,161130.SZ,20221027,20221025,1.9659,1.9659,,,,1.9659,0
310,161130.SZ,20221026,20221024,1.9171,1.9171,,,,1.9171,0
311,161130.SZ,20221025,20221021,1.8975,1.8975,,,,1.8975,0
312,161130.SZ,20221022,20221020,1.8562,1.8562,,,,1.8562,0
313,161130.SZ,20221021,20221019,1.8631,1.8631,,,,1.8631,0
314,161130.SZ,20221020,20221018,1.8695,1.8695,,,,1.8695,0
315,161130.SZ,20221019,20221017,1.8564,1.8564,,,,1.8564,0
316,161130.SZ,20221018,20221014,1.7978,1.7978,,,,1.7978,0
317,161130.SZ,20221015,20221013,1.8524,1.8524,,,,1.8524,0
318,161130.SZ,20221014,20221012,1.8133,1.8133,,,,1.8133,0
319,161130.SZ,20221013,20221011,1.8135,1.8135,,,,1.8135,0
320,161130.SZ,20221012,20221010,1.8332,1.8332,,,,1.8332,0
321,161130.SZ,20221011,20220930,1.8399,1.8399,,,,1.8399,0
322,161130.SZ,20221026,20220930,1.8399,1.8399,,771548019.9,789828850.5,1.8399,1
323,161130.SZ,20221001,20220929,1.8728,1.8728,,,,1.8728,0
324,161130.SZ,20220930,20220928,1.9243,1.9243,,,,1.9243,0
325,161130.SZ,20220929,20220927,1.88,1.88,,,,1.88,0
326,161130.SZ,20220928,20220926,1.8667,1.8667,,,,1.8667,0
327,161130.SZ,20220927,20220923,1.8661,1.8661,,,,1.8661,0
328,161130.SZ,20220924,20220922,1.8922,1.8922,,,,1.8922,0
329,161130.SZ,20220923,20220921,1.9061,1.9061,,,,1.9061,0
330,161130.SZ,20220922,20220920,1.9369,1.9369,,,,1.9369,0
331,161130.SZ,20220921,20220919,1.9506,1.9506,,,,1.9506,0
332,161130.SZ,20220920,20220916,1.9343,1.9343,,,,1.9343,0
333,161130.SZ,20220917,20220915,1.939,1.939,,,,1.939,0
334,161130.SZ,20220916,20220914,1.9711,1.9711,,,,1.9711,0
335,161130.SZ,20220915,20220913,1.9505,1.9505,,,,1.9505,0
336,161130.SZ,20220914,20220909,2.0402,2.0402,,,,2.0402,0
337,161130.SZ,20220910,20220908,2.0008,2.0008,,,,2.0008,0
338,161130.SZ,20220909,20220907,1.9918,1.9918,,,,1.9918,0
339,161130.SZ,20220908,20220906,1.952,1.952,,,,1.952,0
340,161130.SZ,20220907,20220905,1.9628,1.9628,,,,1.9628,0
341,161130.SZ,20220906,20220902,1.9607,1.9607,,,,1.9607,0
342,161130.SZ,20220903,20220901,1.9851,1.9851,,,,1.9851,0
343,161130.SZ,20220902,20220831,1.9867,1.9867,,,,1.9867,0
344,161130.SZ,20220901,20220830,1.9945,1.9945,,,,1.9945,0
345,161130.SZ,20220831,20220829,2.0132,2.0132,,,,2.0132,0
346,161130.SZ,20220830,20220826,2.0257,2.0257,,,,2.0257,0
347,161130.SZ,20220827,20220825,2.1092,2.1092,,,,2.1092,0
348,161130.SZ,20220826,20220824,2.0702,2.0702,,,,2.0702,0
349,161130.SZ,20220825,20220823,2.0687,2.0687,,,,2.0687,0
350,161130.SZ,20220824,20220822,2.0607,2.0607,,,,2.0607,0
351,161130.SZ,20220823,20220819,2.1103,2.1103,,,,2.1103,0
352,161130.SZ,20220820,20220818,2.142,2.142,,,,2.142,0
353,161130.SZ,20220819,20220817,2.1385,2.1385,,,,2.1385,0
354,161130.SZ,20220818,20220816,2.1586,2.1586,,,,2.1586,0
355,161130.SZ,20220817,20220815,2.1535,2.1535,,,,2.1535,0
356,161130.SZ,20220816,20220812,2.1386,2.1386,,,,2.1386,0
357,161130.SZ,20220813,20220811,2.0949,2.0949,,,,2.0949,0
358,161130.SZ,20220812,20220810,2.1163,2.1163,,,,2.1163,0
359,161130.SZ,20220811,20220809,2.0598,2.0598,,,,2.0598,0
360,161130.SZ,20220810,20220808,2.0857,2.0857,,,,2.0857,0
361,161130.SZ,20220809,20220805,2.0847,2.0847,,,,2.0847,0
362,161130.SZ,20220806,20220804,2.1068,2.1068,,,,2.1068,0
363,161130.SZ,20220805,20220803,2.1031,2.1031,,,,2.1031,0
364,161130.SZ,20220804,20220802,2.04,2.04,,,,2.04,0
365,161130.SZ,20220803,20220801,2.0461,2.0461,,,,2.0461,0
366,161130.SZ,20220802,20220729,2.0465,2.0465,,,,2.0465,0
367,161130.SZ,20220730,20220728,2.011,2.011,,,,2.011,0
368,161130.SZ,20220729,20220727,2.0024,2.0024,,,,2.0024,0
369,161130.SZ,20220728,20220726,1.9181,1.9181,,,,1.9181,0
370,161130.SZ,20220727,20220725,1.9562,1.9562,,,,1.9562,0
371,161130.SZ,20220726,20220722,1.9661,1.9661,,,,1.9661,0
372,161130.SZ,20220723,20220721,2.0024,2.0024,,,,2.0024,0
373,161130.SZ,20220722,20220720,1.9712,1.9712,,,,1.9712,0
374,161130.SZ,20220721,20220719,1.9423,1.9423,,,,1.9423,0
375,161130.SZ,20220720,20220718,1.8864,1.8864,,,,1.8864,0
376,161130.SZ,20220719,20220715,1.9039,1.9039,,,,1.9039,0
377,161130.SZ,20220716,20220714,1.8655,1.8655,,,,1.8655,0
378,161130.SZ,20220715,20220713,1.86,1.86,,,,1.86,0
379,161130.SZ,20220714,20220712,1.8626,1.8626,,,,1.8626,0
380,161130.SZ,20220713,20220711,1.8713,1.8713,,,,1.8713,0
381,161130.SZ,20220712,20220708,1.9147,1.9147,,,,1.9147,0
382,161130.SZ,20220709,20220707,1.9134,1.9134,,,,1.9134,0
383,161130.SZ,20220708,20220706,1.8777,1.8777,,,,1.8777,0
384,161130.SZ,20220707,20220705,1.8601,1.8601,,,,1.8601,0
385,161130.SZ,20220706,20220704,1.8329,1.8329,,,,1.8329,0
386,161130.SZ,20220705,20220701,1.8278,1.8278,,,,1.8278,0
387,161130.SZ,20220702,20220630,1.8228,1.8228,,,,1.8228,0
388,161130.SZ,20220720,20220630,1.8228,1.8228,,770809060.07,785185376.9,1.8228,1
389,161130.SZ,20220701,20220629,1.8438,1.8438,,,,1.8438,0
390,161130.SZ,20220630,20220628,1.838,1.838,,,,1.838,0
391,161130.SZ,20220629,20220627,1.8907,1.8907,,,,1.8907,0
392,161130.SZ,20220628,20220624,1.9094,1.9094,,,,1.9094,0
393,161130.SZ,20220625,20220623,1.8512,1.8512,,,,1.8512,0
394,161130.SZ,20220624,20220622,1.8268,1.8268,,,,1.8268,0
395,161130.SZ,20220623,20220621,1.8228,1.8228,,,,1.8228,0
396,161130.SZ,20220622,20220620,1.7885,1.7885,,,,1.7885,0
397,161130.SZ,20220621,20220617,1.7836,1.7836,,,,1.7836,0
398,161130.SZ,20220618,20220616,1.768,1.768,,,,1.768,0
399,161130.SZ,20220617,20220615,1.8475,1.8475,,,,1.8475,0
400,161130.SZ,20220616,20220614,1.8049,1.8049,,,,1.8049,0
401,161130.SZ,20220615,20220613,1.7935,1.7935,,,,1.7935,0
402,161130.SZ,20220614,20220610,1.8688,1.8688,,,,1.8688,0
403,161130.SZ,20220611,20220609,1.928,1.928,,,,1.928,0
404,161130.SZ,20220610,20220608,1.9736,1.9736,,,,1.9736,0
405,161130.SZ,20220609,20220607,1.9882,1.9882,,,,1.9882,0
406,161130.SZ,20220608,20220606,1.9731,1.9731,,,,1.9731,0
407,161130.SZ,20220607,20220602,2.0283,2.0283,,,,2.0283,0
408,161130.SZ,20220603,20220601,1.9644,1.9644,,,,1.9644,0
409,161130.SZ,20220602,20220531,1.9769,1.9769,,,,1.9769,0
410,161130.SZ,20220601,20220530,1.9955,1.9955,,,,1.9955,0
411,161130.SZ,20220531,20220527,2.0055,2.0055,,,,2.0055,0
412,161130.SZ,20220528,20220526,1.9278,1.9278,,,,1.9278,0
413,161130.SZ,20220527,20220525,1.8728,1.8728,,,,1.8728,0
414,161130.SZ,20220526,20220524,1.8476,1.8476,,,,1.8476,0
415,161130.SZ,20220525,20220523,1.8919,1.8919,,,,1.8919,0
416,161130.SZ,20220524,20220520,1.8827,1.8827,,,,1.8827,0
417,161130.SZ,20220521,20220519,1.8898,1.8898,,,,1.8898,0
418,161130.SZ,20220520,20220518,1.8949,1.8949,,,,1.8949,0
419,161130.SZ,20220519,20220517,2.0023,2.0023,,,,2.0023,0
420,161130.SZ,20220518,20220516,1.9545,1.9545,,,,1.9545,0
421,161130.SZ,20220517,20220513,1.977,1.977,,,,1.977,0
422,161130.SZ,20220514,20220512,1.8934,1.8934,,,,1.8934,0
423,161130.SZ,20220513,20220511,1.8965,1.8965,,,,1.8965,0
424,161130.SZ,20220512,20220510,1.9486,1.9486,,,,1.9486,0
425,161130.SZ,20220511,20220509,1.9185,1.9185,,,,1.9185,0
426,161130.SZ,20220510,20220506,1.9771,1.9771,,,,1.9771,0
427,161130.SZ,20220507,20220505,1.9802,1.9802,,,,1.9802,0
428,161130.SZ,20220506,20220429,1.9959,1.9959,,,,1.9959,0
429,161130.SZ,20220430,20220428,2.0674,2.0674,,,,2.0674,0
430,161130.SZ,20220429,20220427,2.0004,2.0004,,,,2.0004,0
431,161130.SZ,20220428,20220426,2.0012,2.0012,,,,2.0012,0
432,161130.SZ,20220427,20220425,2.0563,2.0563,,,,2.0563,0
433,161130.SZ,20220426,20220422,2.0214,2.0214,,,,2.0214,0
434,161130.SZ,20220423,20220421,2.0579,2.0579,,,,2.0579,0
435,161130.SZ,20220422,20220420,2.0943,2.0943,,,,2.0943,0
436,161130.SZ,20220421,20220419,2.1154,2.1154,,,,2.1154,0
437,161130.SZ,20220420,20220418,2.0744,2.0744,,,,2.0744,0
438,161130.SZ,20220419,20220415,2.0763,2.0763,,,,2.0763,0
439,161130.SZ,20220416,20220414,2.065,2.065,,,,2.065,0
440,161130.SZ,20220415,20220413,2.118,2.118,,,,2.118,0
441,161130.SZ,20220414,20220412,2.0799,2.0799,,,,2.0799,0
442,161130.SZ,20220413,20220411,2.0823,2.0823,,,,2.0823,0
443,161130.SZ,20220412,20220408,2.1306,2.1306,,,,2.1306,0
444,161130.SZ,20220409,20220407,2.1598,2.1598,,,,2.1598,0
445,161130.SZ,20220408,20220406,2.1599,2.1599,,,,2.1599,0
446,161130.SZ,20220407,20220401,2.2014,2.2014,,,,2.2014,0
447,161130.SZ,20220402,20220331,2.1975,2.1975,,,,2.1975,0
448,161130.SZ,20220422,20220331,2.1975,2.1975,,895168801.9,907109238.43,2.1975,1
449,161130.SZ,20220401,20220330,2.2328,2.2328,,,,2.2328,0
450,161130.SZ,20220331,20220329,2.2592,2.2592,,,,2.2592,0
451,161130.SZ,20220330,20220328,2.2266,2.2266,,,,2.2266,0
452,161130.SZ,20220329,20220325,2.1939,2.1939,,,,2.1939,0
453,161130.SZ,20220326,20220324,2.1922,2.1922,,,,2.1922,0
454,161130.SZ,20220325,20220323,2.1444,2.1444,,,,2.1444,0
455,161130.SZ,20220324,20220322,2.1773,2.1773,,,,2.1773,0
456,161130.SZ,20220323,20220321,2.1384,2.1384,,,,2.1384,0
457,161130.SZ,20220322,20220318,2.1364,2.1364,,,,2.1364,0
458,161130.SZ,20220319,20220317,2.0937,2.0937,,,,2.0937,0
459,161130.SZ,20220318,20220316,2.0836,2.0836,,,,2.0836,0
460,161130.SZ,20220317,20220315,2.0125,2.0125,,,,2.0125,0
461,161130.SZ,20220316,20220314,1.9475,1.9475,,,,1.9475,0
462,161130.SZ,20220315,20220311,1.9769,1.9769,,,,1.9769,0
463,161130.SZ,20220312,20220310,2.0109,2.0109,,,,2.0109,0
464,161130.SZ,20220311,20220309,2.034,2.034,,,,2.034,0
465,161130.SZ,20220310,20220308,1.9687,1.9687,,,,1.9687,0
466,161130.SZ,20220309,20220307,1.9848,1.9848,,,,1.9848,0
467,161130.SZ,20220308,20220304,2.0514,2.0514,,,,2.0514,0
468,161130.SZ,20220305,20220303,2.0702,2.0702,,,,2.0702,0
469,161130.SZ,20220304,20220302,2.1099,2.1099,,,,2.1099,0
470,161130.SZ,20220303,20220301,2.0661,2.0661,,,,2.0661,0
471,161130.SZ,20220302,20220228,2.105,2.105,,,,2.105,0
472,161130.SZ,20220301,20220225,2.1024,2.1024,,,,2.1024,0
473,161130.SZ,20220226,20220224,2.0702,2.0702,,,,2.0702,0
474,161130.SZ,20220225,20220223,2.0058,2.0058,,,,2.0058,0
475,161130.SZ,20220224,20220222,2.0621,2.0621,,,,2.0621,0
476,161130.SZ,20220223,20220221,2.079,2.079,,,,2.079,0
477,161130.SZ,20220222,20220218,2.0773,2.0773,,,,2.0773,0
478,161130.SZ,20220219,20220217,2.0995,2.0995,,,,2.0995,0
479,161130.SZ,20220218,20220216,2.1651,2.1651,,,,2.1651,0
480,161130.SZ,20220217,20220215,2.1719,2.1719,,,,2.1719,0
481,161130.SZ,20220216,20220214,2.1238,2.1238,,,,2.1238,0
482,161130.SZ,20220215,20220211,2.1223,2.1223,,,,2.1223,0
483,161130.SZ,20220212,20220210,2.1833,2.1833,,,,2.1833,0
484,161130.SZ,20220211,20220209,2.2347,2.2347,,,,2.2347,0
485,161130.SZ,20220210,20220208,2.1879,2.1879,,,,2.1879,0
486,161130.SZ,20220209,20220207,2.1634,2.1634,,,,2.1634,0
487,161130.SZ,20220208,20220128,2.1527,2.1527,,,,2.1527,0
488,161130.SZ,20220129,20220127,2.0757,2.0757,,,,2.0757,0
489,161130.SZ,20220128,20220126,2.0958,2.0958,,,,2.0958,0
490,161130.SZ,20220127,20220125,2.0983,2.0983,,,,2.0983,0
491,161130.SZ,20220126,20220124,2.1503,2.1503,,,,2.1503,0
492,161130.SZ,20220125,20220121,2.143,2.143,,,,2.143,0
493,161130.SZ,20220122,20220120,2.2015,2.2015,,,,2.2015,0
494,161130.SZ,20220121,20220119,2.2354,2.2354,,,,2.2354,0
495,161130.SZ,20220120,20220118,2.2554,2.2554,,,,2.2554,0
496,161130.SZ,20220119,20220117,2.316,2.316,,,,2.316,0
497,161130.SZ,20220118,20220114,2.3191,2.3191,,,,2.3191,0
498,161130.SZ,20220115,20220113,2.2976,2.2976,,,,2.2976,0
499,161130.SZ,20220114,20220112,2.3608,2.3608,,,,2.3608,0
500,161130.SZ,20220113,20220111,2.3531,2.3531,,,,2.3531,0
501,161130.SZ,20220112,20220110,2.3189,2.3189,,,,2.3189,0
502,161130.SZ,20220111,20220107,2.3191,2.3191,,,,2.3191,0
503,161130.SZ,20220108,20220106,2.3437,2.3437,,,,2.3437,0
504,161130.SZ,20220107,20220105,2.3466,2.3466,,,,2.3466,0
505,161130.SZ,20220106,20220104,2.4207,2.4207,,,,2.4207,0
506,161130.SZ,20220105,20211231,2.4257,2.4257,,,,2.4257,0
507,161130.SZ,20220121,20211231,2.4257,2.4257,,966977633.47,973805812.38,2.4257,1
508,161130.SZ,20220101,20211230,2.4379,2.4379,,,,2.4379,0
509,161130.SZ,20211231,20211229,2.4491,2.4491,,,,2.4491,0
510,161130.SZ,20211230,20211228,2.4486,2.4486,,,,2.4486,0
511,161130.SZ,20211229,20211227,2.4585,2.4585,,,,2.4585,0
512,161130.SZ,20211228,20211224,2.4211,2.4211,,,,2.4211,0
513,161130.SZ,20211225,20211223,2.4196,2.4196,,,,2.4196,0
514,161130.SZ,20211224,20211222,2.403,2.403,,,,2.403,0
515,161130.SZ,20211223,20211221,2.3758,2.3758,,,,2.3758,0
516,161130.SZ,20211222,20211220,2.3308,2.3308,,,,2.3308,0
517,161130.SZ,20211221,20211217,2.3458,2.3458,,,,2.3458,0
518,161130.SZ,20211218,20211216,2.3548,2.3548,,,,2.3548,0
519,161130.SZ,20211217,20211215,2.4196,2.4196,,,,2.4196,0
520,161130.SZ,20211216,20211214,2.3637,2.3637,,,,2.3637,0
521,161130.SZ,20211215,20211213,2.3877,2.3877,,,,2.3877,0
522,161130.SZ,20211214,20211210,2.4255,2.4255,,,,2.4255,0
523,161130.SZ,20211211,20211209,2.3916,2.3916,,,,2.3916,0
524,161130.SZ,20211210,20211208,2.4338,2.4338,,,,2.4338,0
525,161130.SZ,20211209,20211207,2.4262,2.4262,,,,2.4262,0
526,161130.SZ,20211208,20211206,2.3552,2.3552,,,,2.3552,0
527,161130.SZ,20211207,20211203,2.3372,2.3372,,,,2.3372,0
528,161130.SZ,20211204,20211202,2.3771,2.3771,,,,2.3771,0
529,161130.SZ,20211203,20211201,2.3593,2.3593,,,,2.3593,0
530,161130.SZ,20211202,20211130,2.401,2.401,,,,2.401,0
531,161130.SZ,20211201,20211129,2.4425,2.4425,,,,2.4425,0
532,161130.SZ,20211130,20211126,2.3906,2.3906,,,,2.3906,0
533,161130.SZ,20211127,20211125,2.442,2.442,,,,2.442,0
534,161130.SZ,20211126,20211124,2.4392,2.4392,,,,2.4392,0
535,161130.SZ,20211125,20211123,2.4313,2.4313,,,,2.4313,0
536,161130.SZ,20211124,20211122,2.4431,2.4431,,,,2.4431,0
537,161130.SZ,20211123,20211119,2.4666,2.4666,,,,2.4666,0
538,161130.SZ,20211120,20211118,2.4526,2.4526,,,,2.4526,0
539,161130.SZ,20211119,20211117,2.4323,2.4323,,,,2.4323,0
540,161130.SZ,20211118,20211116,2.4317,2.4317,,,,2.4317,0
541,161130.SZ,20211117,20211115,2.4131,2.4131,,,,2.4131,0
542,161130.SZ,20211116,20211112,2.4212,2.4212,,,,2.4212,0
543,161130.SZ,20211113,20211111,2.3995,2.3995,,,,2.3995,0
544,161130.SZ,20211112,20211110,2.3853,2.3853,,,,2.3853,0
545,161130.SZ,20211111,20211109,2.4181,2.4181,,,,2.4181,0
546,161130.SZ,20211110,20211108,2.4374,2.4374,,,,2.4374,0
547,161130.SZ,20211109,20211105,2.4419,2.4419,,,,2.4419,0
548,161130.SZ,20211106,20211104,2.4381,2.4381,,,,2.4381,0
549,161130.SZ,20211105,20211103,2.4135,2.4135,,,,2.4135,0
550,161130.SZ,20211104,20211102,2.3857,2.3857,,,,2.3857,0
551,161130.SZ,20211103,20211101,2.3827,2.3827,,,,2.3827,0
552,161130.SZ,20211102,20211029,2.3642,2.3642,,,,2.3642,0
553,161130.SZ,20211030,20211028,2.3555,2.3555,,,,2.3555,0
554,161130.SZ,20211029,20211027,2.3258,2.3258,,,,2.3258,0
555,161130.SZ,20211028,20211026,2.3216,2.3216,,,,2.3216,0
556,161130.SZ,20211027,20211025,2.3163,2.3163,,,,2.3163,0
557,161130.SZ,20211026,20211022,2.2974,2.2974,,,,2.2974,0
558,161130.SZ,20211023,20211021,2.3118,2.3118,,,,2.3118,0
559,161130.SZ,20211022,20211020,2.3037,2.3037,,,,2.3037,0
560,161130.SZ,20211021,20211019,2.3153,2.3153,,,,2.3153,0
561,161130.SZ,20211020,20211018,2.2993,2.2993,,,,2.2993,0
562,161130.SZ,20211019,20211015,2.2803,2.2803,,,,2.2803,0
563,161130.SZ,20211016,20211014,2.2677,2.2677,,,,2.2677,0
564,161130.SZ,20211015,20211013,2.2343,2.2343,,,,2.2343,0
565,161130.SZ,20211014,20211012,2.2125,2.2125,,,,2.2125,0
566,161130.SZ,20211013,20211011,2.221,2.221,,,,2.221,0
567,161130.SZ,20211012,20211008,2.2408,2.2408,,,,2.2408,0
568,161130.SZ,20211009,20210930,2.2305,2.2305,,,,2.2305,0
569,161130.SZ,20211027,20210930,2.2305,2.2305,,936870405.62,940137347.7,2.2305,1
570,161130.SZ,20211001,20210929,2.2328,2.2328,,,,2.2328,0
571,161130.SZ,20210930,20210928,2.2334,2.2334,,,,2.2334,0
572,161130.SZ,20210929,20210927,2.3006,2.3006,,,,2.3006,0
573,161130.SZ,20210928,20210924,2.3158,2.3158,,,,2.3158,0
574,161130.SZ,20210925,20210923,2.3193,2.3193,,,,2.3193,0
575,161130.SZ,20210924,20210922,2.2966,2.2966,,,,2.2966,0
576,161130.SZ,20210923,20210917,2.3145,2.3145,,,,2.3145,0
577,161130.SZ,20210918,20210916,2.3346,2.3346,,,,2.3346,0
578,161130.SZ,20210917,20210915,2.3387,2.3387,,,,2.3387,0
579,161130.SZ,20210916,20210914,2.3213,2.3213,,,,2.3213,0
580,161130.SZ,20210915,20210913,2.329,2.329,,,,2.329,0
581,161130.SZ,20210914,20210910,2.3326,2.3326,,,,2.3326,0
582,161130.SZ,20210911,20210909,2.3523,2.3523,,,,2.3523,0
583,161130.SZ,20210910,20210908,2.3634,2.3634,,,,2.3634,0
584,161130.SZ,20210909,20210907,2.3665,2.3665,,,,2.3665,0
585,161130.SZ,20210908,20210906,2.3631,2.3631,,,,2.3631,0
586,161130.SZ,20210907,20210903,2.3651,2.3651,,,,2.3651,0
587,161130.SZ,20210904,20210902,2.3585,2.3585,,,,2.3585,0
588,161130.SZ,20210903,20210901,2.3627,2.3627,,,,2.3627,0
589,161130.SZ,20210902,20210831,2.3584,2.3584,,,,2.3584,0
590,161130.SZ,20210901,20210830,2.3615,2.3615,,,,2.3615,0
591,161130.SZ,20210831,20210827,2.343,2.343,,,,2.343,0
592,161130.SZ,20210828,20210826,2.3152,2.3152,,,,2.3152,0
593,161130.SZ,20210827,20210825,2.329,2.329,,,,2.329,0
594,161130.SZ,20210826,20210824,2.3303,2.3303,,,,2.3303,0
595,161130.SZ,20210825,20210823,2.3293,2.3293,,,,2.3293,0
596,161130.SZ,20210824,20210820,2.2965,2.2965,,,,2.2965,0
597,161130.SZ,20210821,20210819,2.268,2.268,,,,2.268,0
598,161130.SZ,20210820,20210818,2.2589,2.2589,,,,2.2589,0
599,161130.SZ,20210819,20210817,2.2749,2.2749,,,,2.2749,0
600,161130.SZ,20210818,20210816,2.2939,2.2939,,,,2.2939,0
601,161130.SZ,20210817,20210813,2.2963,2.2963,,,,2.2963,0
602,161130.SZ,20210814,20210812,2.2876,2.2876,,,,2.2876,0
603,161130.SZ,20210813,20210811,2.2811,2.2811,,,,2.2811,0
604,161130.SZ,20210812,20210810,2.2854,2.2854,,,,2.2854,0
605,161130.SZ,20210811,20210809,2.2974,2.2974,,,,2.2974,0
606,161130.SZ,20210810,20210806,2.2864,2.2864,,,,2.2864,0
607,161130.SZ,20210807,20210805,2.2993,2.2993,,,,2.2993,0
608,161130.SZ,20210806,20210804,2.2832,2.2832,,,,2.2832,0
609,161130.SZ,20210805,20210803,2.2783,2.2783,,,,2.2783,0
610,161130.SZ,20210804,20210802,2.2655,2.2655,,,,2.2655,0
611,161130.SZ,20210803,20210730,2.2632,2.2632,,,,2.2632,0
612,161130.SZ,20210731,20210729,2.2881,2.2881,,,,2.2881,0
613,161130.SZ,20210730,20210728,2.2831,2.2831,,,,2.2831,0
614,161130.SZ,20210729,20210727,2.2672,2.2672,,,,2.2672,0
615,161130.SZ,20210728,20210726,2.2934,2.2934,,,,2.2934,0
616,161130.SZ,20210727,20210723,2.2876,2.2876,,,,2.2876,0
617,161130.SZ,20210724,20210722,2.262,2.262,,,,2.262,0
618,161130.SZ,20210723,20210721,2.2539,2.2539,,,,2.2539,0
619,161130.SZ,20210722,20210720,2.2375,2.2375,,,,2.2375,0
620,161130.SZ,20210721,20210719,2.2054,2.2054,,,,2.2054,0
621,161130.SZ,20210720,20210716,2.2253,2.2253,,,,2.2253,0
622,161130.SZ,20210717,20210715,2.2402,2.2402,,,,2.2402,0
623,161130.SZ,20210716,20210714,2.2619,2.2619,,,,2.2619,0
624,161130.SZ,20210715,20210713,2.2562,2.2562,,,,2.2562,0
625,161130.SZ,20210714,20210712,2.2577,2.2577,,,,2.2577,0
626,161130.SZ,20210713,20210709,2.2494,2.2494,,,,2.2494,0
627,161130.SZ,20210710,20210708,2.2325,2.2325,,,,2.2325,0
628,161130.SZ,20210709,20210707,2.2475,2.2475,,,,2.2475,0
629,161130.SZ,20210708,20210706,2.2387,2.2387,,,,2.2387,0
630,161130.SZ,20210707,20210705,2.233,2.233,,,,2.233,0
631,161130.SZ,20210706,20210702,2.2337,2.2337,,,,2.2337,0
632,161130.SZ,20210703,20210701,2.2094,2.2094,,,,2.2094,0
633,161130.SZ,20210702,20210630,2.205,2.205,,,,2.205,0
634,161130.SZ,20210720,20210630,2.205,2.205,,954407660.99,954407660.99,2.205,1
635,161130.SZ,20210701,20210629,2.2064,2.2064,,,,2.2064,0
636,161130.SZ,20210630,20210628,2.1999,2.1999,,,,2.1999,0
637,161130.SZ,20210629,20210625,2.1799,2.1799,,,,2.1799,0
638,161130.SZ,20210626,20210624,2.1855,2.1855,,,,2.1855,0
639,161130.SZ,20210625,20210623,2.1654,2.1654,,,,2.1654,0
640,161130.SZ,20210624,20210622,2.1646,2.1646,,,,2.1646,0
641,161130.SZ,20210623,20210621,2.143,2.143,,,,2.143,0
642,161130.SZ,20210622,20210618,2.1243,2.1243,,,,2.1243,0
643,161130.SZ,20210619,20210617,2.139,2.139,,,,2.139,0
644,161130.SZ,20210618,20210616,2.106,2.106,,,,2.106,0
645,161130.SZ,20210617,20210615,2.1126,2.1126,,,,2.1126,0
646,161130.SZ,20210616,20210611,2.1012,2.1012,,,,2.1012,0
647,161130.SZ,20210612,20210610,2.0996,2.0996,,,,2.0996,0
648,161130.SZ,20210611,20210609,2.0782,2.0782,,,,2.0782,0
649,161130.SZ,20210610,20210608,2.0761,2.0761,,,,2.0761,0
650,161130.SZ,20210609,20210607,2.0767,2.0767,,,,2.0767,0
651,161130.SZ,20210608,20210604,2.0755,2.0755,,,,2.0755,0
652,161130.SZ,20210605,20210603,2.0331,2.0331,,,,2.0331,0
653,161130.SZ,20210604,20210602,2.0526,2.0526,,,,2.0526,0
654,161130.SZ,20210603,20210601,2.0434,2.0434,,,,2.0434,0
655,161130.SZ,20210602,20210531,2.0514,2.0514,,,,2.0514,0
656,161130.SZ,20210601,20210528,2.0568,2.0568,,,,2.0568,0
657,161130.SZ,20210529,20210527,2.058,2.058,,,,2.058,0
658,161130.SZ,20210528,20210526,2.0664,2.0664,,,,2.0664,0
659,161130.SZ,20210527,20210525,2.0655,2.0655,,,,2.0655,0
660,161130.SZ,20210526,20210524,2.0671,2.0671,,,,2.0671,0
661,161130.SZ,20210525,20210521,2.0311,2.0311,,,,2.0311,0
662,161130.SZ,20210522,20210520,2.0478,2.0478,,,,2.0478,0
663,161130.SZ,20210521,20210519,2.0054,2.0054,,,,2.0054,0
664,161130.SZ,20210520,20210518,2.0052,2.0052,,,,2.0052,0
665,161130.SZ,20210519,20210517,2.0175,2.0175,,,,2.0175,0
666,161130.SZ,20210518,20210514,2.0354,2.0354,,,,2.0354,0
667,161130.SZ,20210515,20210513,1.997,1.997,,,,1.997,0
668,161130.SZ,20210514,20210512,1.9715,1.9715,,,,1.9715,0
669,161130.SZ,20210513,20210511,2.0216,2.0216,,,,2.0216,0
670,161130.SZ,20210512,20210510,2.0278,2.0278,,,,2.0278,0
671,161130.SZ,20210511,20210507,2.0874,2.0874,,,,2.0874,0
672,161130.SZ,20210508,20210506,2.0782,2.0782,,,,2.0782,0
673,161130.SZ,20210507,20210430,2.107,2.107,,,,2.107,0
674,161130.SZ,20210501,20210429,2.124,2.124,,,,2.124,0
675,161130.SZ,20210430,20210428,2.1183,2.1183,,,,2.1183,0
676,161130.SZ,20210429,20210427,2.129,2.129,,,,2.129,0
677,161130.SZ,20210428,20210426,2.1381,2.1381,,,,2.1381,0
678,161130.SZ,20210427,20210423,2.1268,2.1268,,,,2.1268,0
679,161130.SZ,20210424,20210422,2.1001,2.1001,,,,2.1001,0
680,161130.SZ,20210423,20210421,2.1295,2.1295,,,,2.1295,0
681,161130.SZ,20210422,20210420,2.1132,2.1132,,,,2.1132,0
682,161130.SZ,20210421,20210419,2.1314,2.1314,,,,2.1314,0
683,161130.SZ,20210420,20210416,2.1527,2.1527,,,,2.1527,0
684,161130.SZ,20210417,20210415,2.1508,2.1508,,,,2.1508,0
685,161130.SZ,20210416,20210414,2.1206,2.1206,,,,2.1206,0
686,161130.SZ,20210415,20210413,2.15,2.15,,,,2.15,0
687,161130.SZ,20210414,20210412,2.1294,2.1294,,,,2.1294,0
688,161130.SZ,20210413,20210409,2.1281,2.1281,,,,2.1281,0
689,161130.SZ,20210410,20210408,2.1171,2.1171,,,,2.1171,0
690,161130.SZ,20210409,20210407,2.0941,2.0941,,,,2.0941,0
691,161130.SZ,20210408,20210406,2.0928,2.0928,,,,2.0928,0
692,161130.SZ,20210407,20210402,2.0599,2.0599,,,,2.0599,0
693,161130.SZ,20210403,20210401,2.058,2.058,,,,2.058,0
694,161130.SZ,20210402,20210331,2.0271,2.0271,,,,2.0271,0
695,161130.SZ,20210419,20210331,2.0271,2.0271,,877593069.06,877593069.06,2.0271,1
696,161130.SZ,20210401,20210330,1.9965,1.9965,,,,1.9965,0
697,161130.SZ,20210331,20210329,2.0001,2.0001,,,,2.0001,0
698,161130.SZ,20210330,20210326,2.0011,2.0011,,,,2.0011,0
699,161130.SZ,20210327,20210325,1.9696,1.9696,,,,1.9696,0
700,161130.SZ,20210326,20210324,1.9708,1.9708,,,,1.9708,0
701,161130.SZ,20210325,20210323,1.9972,1.9972,,,,1.9972,0
702,161130.SZ,20210324,20210322,2.0117,2.0117,,,,2.0117,0
703,161130.SZ,20210323,20210319,1.9771,1.9771,,,,1.9771,0
704,161130.SZ,20210320,20210318,1.9589,1.9589,,,,1.9589,0
705,161130.SZ,20210319,20210317,2.0222,2.0222,,,,2.0222,0
706,161130.SZ,20210318,20210316,2.0166,2.0166,,,,2.0166,0
707,161130.SZ,20210317,20210315,2.0061,2.0061,,,,2.0061,0
708,161130.SZ,20210316,20210312,1.9806,1.9806,,,,1.9806,0
709,161130.SZ,20210313,20210311,2.0006,2.0006,,,,2.0006,0
710,161130.SZ,20210312,20210310,1.9609,1.9609,,,,1.9609,0
711,161130.SZ,20210311,20210309,1.9738,1.9738,,,,1.9738,0
712,161130.SZ,20210310,20210308,1.8861,1.8861,,,,1.8861,0
713,161130.SZ,20210309,20210305,1.943,1.943,,,,1.943,0
714,161130.SZ,20210306,20210304,1.9093,1.9093,,,,1.9093,0
715,161130.SZ,20210305,20210303,1.9354,1.9354,,,,1.9354,0
716,161130.SZ,20210304,20210302,1.9916,1.9916,,,,1.9916,0
717,161130.SZ,20210303,20210301,2.0279,2.0279,,,,2.0279,0
718,161130.SZ,20210302,20210226,1.9723,1.9723,,,,1.9723,0
719,161130.SZ,20210227,20210225,1.955,1.955,,,,1.955,0
720,161130.SZ,20210226,20210224,2.0264,2.0264,,,,2.0264,0
721,161130.SZ,20210225,20210223,2.0079,2.0079,,,,2.0079,0
722,161130.SZ,20210224,20210222,2.0135,2.0135,,,,2.0135,0
723,161130.SZ,20210223,20210219,2.0668,2.0668,,,,2.0668,0
724,161130.SZ,20210220,20210218,2.0724,2.0724,,,,2.0724,0
725,161130.SZ,20210219,20210210,2.0703,2.0703,,,,2.0703,0
726,161130.SZ,20210211,20210209,2.0793,2.0793,,,,2.0793,0
727,161130.SZ,20210210,20210208,2.0849,2.0849,,,,2.0849,0
728,161130.SZ,20210209,20210205,2.0729,2.0729,,,,2.0729,0
729,161130.SZ,20210206,20210204,2.0632,2.0632,,,,2.0632,0
730,161130.SZ,20210205,20210203,2.0421,2.0421,,,,2.0421,0
731,161130.SZ,20210204,20210202,2.0519,2.0519,,,,2.0519,0
732,161130.SZ,20210203,20210201,2.0183,2.0183,,,,2.0183,0
733,161130.SZ,20210202,20210129,1.9739,1.9739,,,,1.9739,0
734,161130.SZ,20210130,20210128,2.0174,2.0174,,,,2.0174,0
735,161130.SZ,20210129,20210127,1.9995,1.9995,,,,1.9995,0
736,161130.SZ,20210128,20210126,2.0585,2.0585,,,,2.0585,0
737,161130.SZ,20210127,20210125,2.0566,2.0566,,,,2.0566,0
738,161130.SZ,20210126,20210122,2.0338,2.0338,,,,2.0338,0
739,161130.SZ,20210123,20210121,2.0418,2.0418,,,,2.0418,0
740,161130.SZ,20210122,20210120,2.0305,2.0305,,,,2.0305,0
741,161130.SZ,20210121,20210119,1.9885,1.9885,,,,1.9885,0
742,161130.SZ,20210120,20210118,1.9597,1.9597,,,,1.9597,0
743,161130.SZ,20210119,20210115,1.9536,1.9536,,,,1.9536,0
744,161130.SZ,20210116,20210114,1.9706,1.9706,,,,1.9706,0
745,161130.SZ,20210115,20210113,1.9771,1.9771,,,,1.9771,0
746,161130.SZ,20210114,20210112,1.9719,1.9719,,,,1.9719,0
747,161130.SZ,20210113,20210111,1.9717,1.9717,,,,1.9717,0
748,161130.SZ,20210112,20210108,1.9996,1.9996,,,,1.9996,0
749,161130.SZ,20210109,20210107,1.9726,1.9726,,,,1.9726,0
750,161130.SZ,20210108,20210106,1.9268,1.9268,,,,1.9268,0
751,161130.SZ,20210107,20210105,1.9574,1.9574,,,,1.9574,0
752,161130.SZ,20210106,20210104,1.9612,1.9612,,,,1.9612,0
753,161130.SZ,20210105,20201231,1.9848,1.9848,,,,1.9848,0
754,161130.SZ,20210121,20201231,1.9848,1.9848,,735878480.79,735878480.79,1.9848,1
755,161130.SZ,20210101,20201230,1.9809,1.9809,,,,1.9809,0
756,161130.SZ,20201231,20201229,1.9844,1.9844,,,,1.9844,0
757,161130.SZ,20201230,20201228,1.9773,1.9773,,,,1.9773,0
758,161130.SZ,20201229,20201225,1.9617,1.9617,,,,1.9617,0
759,161130.SZ,20201226,20201224,1.9626,1.9626,,,,1.9626,0
760,161130.SZ,20201225,20201223,1.9601,1.9601,,,,1.9601,0
761,161130.SZ,20201224,20201222,1.9644,1.9644,,,,1.9644,0
762,161130.SZ,20201223,20201221,1.964,1.964,,,,1.964,0
763,161130.SZ,20201222,20201218,1.9655,1.9655,,,,1.9655,0
764,161130.SZ,20201219,20201217,1.9688,1.9688,,,,1.9688,0
765,161130.SZ,20201218,20201216,1.9565,1.9565,,,,1.9565,0
766,161130.SZ,20201217,20201215,1.9482,1.9482,,,,1.9482,0
767,161130.SZ,20201216,20201214,1.9265,1.9265,,,,1.9265,0
768,161130.SZ,20201215,20201211,1.9152,1.9152,,,,1.9152,0
769,161130.SZ,20201212,20201210,1.9212,1.9212,,,,1.9212,0
770,161130.SZ,20201211,20201209,1.9109,1.9109,,,,1.9109,0
771,161130.SZ,20201210,20201208,1.9508,1.9508,,,,1.9508,0
772,161130.SZ,20201209,20201207,1.9462,1.9462,,,,1.9462,0
773,161130.SZ,20201208,20201204,1.9406,1.9406,,,,1.9406,0
774,161130.SZ,20201205,20201203,1.934,1.934,,,,1.934,0
775,161130.SZ,20201204,20201202,1.9328,1.9328,,,,1.9328,0
776,161130.SZ,20201203,20201201,1.9415,1.9415,,,,1.9415,0
777,161130.SZ,20201202,20201130,1.9101,1.9101,,,,1.9101,0
778,161130.SZ,20201201,20201127,1.9079,1.9079,,,,1.9079,0
779,161130.SZ,20201128,20201126,1.8928,1.8928,,,,1.8928,0
780,161130.SZ,20201127,20201125,1.892,1.892,,,,1.892,0
781,161130.SZ,20201126,20201124,1.8829,1.8829,,,,1.8829,0
782,161130.SZ,20201125,20201123,1.8548,1.8548,,,,1.8548,0
783,161130.SZ,20201124,20201120,1.8568,1.8568,,,,1.8568,0
784,161130.SZ,20201121,20201119,1.8603,1.8603,,,,1.8603,0
785,161130.SZ,20201120,20201118,1.8499,1.8499,,,,1.8499,0
786,161130.SZ,20201119,20201117,1.8662,1.8662,,,,1.8662,0
787,161130.SZ,20201118,20201116,1.8794,1.8794,,,,1.8794,0
788,161130.SZ,20201117,20201113,1.8747,1.8747,,,,1.8747,0
789,161130.SZ,20201114,20201112,1.8568,1.8568,,,,1.8568,0
790,161130.SZ,20201113,20201111,1.8621,1.8621,,,,1.8621,0
791,161130.SZ,20201112,20201110,1.8178,1.8178,,,,1.8178,0
792,161130.SZ,20201111,20201109,1.855,1.855,,,,1.855,0
793,161130.SZ,20201110,20201106,1.8989,1.8989,,,,1.8989,0
794,161130.SZ,20201107,20201105,1.9126,1.9126,,,,1.9126,0
795,161130.SZ,20201106,20201104,1.8648,1.8648,,,,1.8648,0
796,161130.SZ,20201105,20201103,1.7956,1.7956,,,,1.7956,0
797,161130.SZ,20201104,20201102,1.7688,1.7688,,,,1.7688,0
798,161130.SZ,20201103,20201030,1.7687,1.7687,,,,1.7687,0
799,161130.SZ,20201031,20201029,1.8143,1.8143,,,,1.8143,0
800,161130.SZ,20201030,20201028,1.7811,1.7811,,,,1.7811,0
801,161130.SZ,20201029,20201027,1.8449,1.8449,,,,1.8449,0
802,161130.SZ,20201028,20201026,1.8239,1.8239,,,,1.8239,0
803,161130.SZ,20201027,20201023,1.8518,1.8518,,,,1.8518,0
804,161130.SZ,20201024,20201022,1.8437,1.8437,,,,1.8437,0
805,161130.SZ,20201023,20201021,1.8501,1.8501,,,,1.8501,0
806,161130.SZ,20201022,20201020,1.8557,1.8557,,,,1.8557,0
807,161130.SZ,20201021,20201019,1.8514,1.8514,,,,1.8514,0
808,161130.SZ,20201020,20201016,1.8925,1.8925,,,,1.8925,0
809,161130.SZ,20201017,20201015,1.9008,1.9008,,,,1.9008,0
810,161130.SZ,20201016,20201014,1.9167,1.9167,,,,1.9167,0
811,161130.SZ,20201015,20201013,1.9269,1.9269,,,,1.9269,0
812,161130.SZ,20201014,20201012,1.9232,1.9232,,,,1.9232,0
813,161130.SZ,20201013,20201009,1.886,1.886,,,,1.886,0
814,161130.SZ,20201010,20200930,1.8476,1.8476,,,,1.8476,0
815,161130.SZ,20201028,20200930,1.8476,1.8476,,684178313.99,684178313.99,1.8476,1
816,161130.SZ,20201001,20200929,1.835,1.835,,,,1.835,0
817,161130.SZ,20200930,20200928,1.8433,1.8433,,,,1.8433,0
818,161130.SZ,20200929,20200925,1.8075,1.8075,,,,1.8075,0
819,161130.SZ,20200926,20200924,1.7663,1.7663,,,,1.7663,0
820,161130.SZ,20200925,20200923,1.7556,1.7556,,,,1.7556,0
821,161130.SZ,20200924,20200922,1.807,1.807,,,,1.807,0
822,161130.SZ,20200923,20200921,1.7691,1.7691,,,,1.7691,0
823,161130.SZ,20200922,20200918,1.7623,1.7623,,,,1.7623,0
824,161130.SZ,20200919,20200917,1.7861,1.7861,,,,1.7861,0
825,161130.SZ,20200918,20200916,1.8151,1.8151,,,,1.8151,0
826,161130.SZ,20200917,20200915,1.8543,1.8543,,,,1.8543,0
827,161130.SZ,20200916,20200914,1.833,1.833,,,,1.833,0
828,161130.SZ,20200915,20200911,1.8047,1.8047,,,,1.8047,0
829,161130.SZ,20200912,20200910,1.8137,1.8137,,,,1.8137,0
830,161130.SZ,20200911,20200909,1.8531,1.8531,,,,1.8531,0
831,161130.SZ,20200910,20200908,1.8022,1.8022,,,,1.8022,0
832,161130.SZ,20200909,20200907,1.8833,1.8833,,,,1.8833,0
833,161130.SZ,20200908,20200904,1.8828,1.8828,,,,1.8828,0
834,161130.SZ,20200905,20200903,1.9036,1.9036,,,,1.9036,0
835,161130.SZ,20200904,20200902,2.0001,2.0001,,,,2.0001,0
836,161130.SZ,20200903,20200901,1.9848,1.9848,,,,1.9848,0
837,161130.SZ,20200902,20200831,1.9607,1.9607,,,,1.9607,0
838,161130.SZ,20200901,20200828,1.9516,1.9516,,,,1.9516,0
839,161130.SZ,20200829,20200827,1.9413,1.9413,,,,1.9413,0
840,161130.SZ,20200828,20200826,1.9533,1.9533,,,,1.9533,0
841,161130.SZ,20200827,20200825,1.9172,1.9172,,,,1.9172,0
842,161130.SZ,20200826,20200824,1.9026,1.9026,,,,1.9026,0
843,161130.SZ,20200825,20200821,1.8893,1.8893,,,,1.8893,0
844,161130.SZ,20200822,20200820,1.8817,1.8817,,,,1.8817,0
845,161130.SZ,20200821,20200819,1.8541,1.8541,,,,1.8541,0
846,161130.SZ,20200820,20200818,1.8705,1.8705,,,,1.8705,0
847,161130.SZ,20200819,20200817,1.8542,1.8542,,,,1.8542,0
848,161130.SZ,20200818,20200814,1.8361,1.8361,,,,1.8361,0
849,161130.SZ,20200815,20200813,1.8389,1.8389,,,,1.8389,0
850,161130.SZ,20200814,20200812,1.8399,1.8399,,,,1.8399,0
851,161130.SZ,20200813,20200811,1.7983,1.7983,,,,1.7983,0
852,161130.SZ,20200812,20200810,1.8298,1.8298,,,,1.8298,0
853,161130.SZ,20200811,20200807,1.832,1.832,,,,1.832,0
854,161130.SZ,20200808,20200806,1.8524,1.8524,,,,1.8524,0
855,161130.SZ,20200807,20200805,1.8382,1.8382,,,,1.8382,0
856,161130.SZ,20200806,20200804,1.835,1.835,,,,1.835,0
857,161130.SZ,20200805,20200803,1.8331,1.8331,,,,1.8331,0
858,161130.SZ,20200804,20200731,1.8061,1.8061,,,,1.8061,0
859,161130.SZ,20200801,20200730,1.7775,1.7775,,,,1.7775,0
860,161130.SZ,20200731,20200729,1.7707,1.7707,,,,1.7707,0
861,161130.SZ,20200730,20200728,1.7481,1.7481,,,,1.7481,0
862,161130.SZ,20200729,20200727,1.7742,1.7742,,,,1.7742,0
863,161130.SZ,20200728,20200724,1.7416,1.7416,,,,1.7416,0
864,161130.SZ,20200725,20200723,1.7566,1.7566,,,,1.7566,0
865,161130.SZ,20200724,20200722,1.7977,1.7977,,,,1.7977,0
866,161130.SZ,20200723,20200721,1.7956,1.7956,,,,1.7956,0
867,161130.SZ,20200722,20200720,1.8162,1.8162,,,,1.8162,0
868,161130.SZ,20200721,20200717,1.769,1.769,,,,1.769,0
869,161130.SZ,20200718,20200716,1.7627,1.7627,,,,1.7627,0
870,161130.SZ,20200717,20200715,1.7767,1.7767,,,,1.7767,0
871,161130.SZ,20200716,20200714,1.7752,1.7752,,,,1.7752,0
872,161130.SZ,20200715,20200713,1.7605,1.7605,,,,1.7605,0
873,161130.SZ,20200714,20200710,1.7972,1.7972,,,,1.7972,0
874,161130.SZ,20200711,20200709,1.788,1.788,,,,1.788,0
875,161130.SZ,20200710,20200708,1.7772,1.7772,,,,1.7772,0
876,161130.SZ,20200709,20200707,1.757,1.757,,,,1.757,0
877,161130.SZ,20200708,20200706,1.7789,1.7789,,,,1.7789,0
878,161130.SZ,20200707,20200703,1.7364,1.7364,,,,1.7364,0
879,161130.SZ,20200704,20200702,1.7346,1.7346,,,,1.7346,0
880,161130.SZ,20200703,20200701,1.7279,1.7279,,,,1.7279,0
881,161130.SZ,20200702,20200630,1.7105,1.7105,,,,1.7105,0
882,161130.SZ,20200721,20200630,1.7105,1.7105,,625555309.93,625555309.93,1.7105,1
883,161130.SZ,20200701,20200629,1.6795,1.6795,,,,1.6795,0
884,161130.SZ,20200630,20200624,1.6801,1.6801,,,,1.6801,0
885,161130.SZ,20200625,20200623,1.7163,1.7163,,,,1.7163,0
886,161130.SZ,20200624,20200622,1.7084,1.7084,,,,1.7084,0
887,161130.SZ,20200623,20200619,1.6902,1.6902,,,,1.6902,0
888,161130.SZ,20200620,20200618,1.6905,1.6905,,,,1.6905,0
889,161130.SZ,20200619,20200617,1.6851,1.6851,,,,1.6851,0
890,161130.SZ,20200618,20200616,1.677,1.677,,,,1.677,0
891,161130.SZ,20200617,20200615,1.6528,1.6528,,,,1.6528,0
892,161130.SZ,20200616,20200612,1.6336,1.6336,,,,1.6336,0
893,161130.SZ,20200613,20200611,1.6154,1.6154,,,,1.6154,0
894,161130.SZ,20200612,20200610,1.699,1.699,,,,1.699,0
895,161130.SZ,20200611,20200609,1.6789,1.6789,,,,1.6789,0
896,161130.SZ,20200610,20200608,1.6726,1.6726,,,,1.6726,0
897,161130.SZ,20200609,20200605,1.6622,1.6622,,,,1.6622,0
898,161130.SZ,20200606,20200604,1.632,1.632,,,,1.632,0
899,161130.SZ,20200605,20200603,1.6453,1.6453,,,,1.6453,0
900,161130.SZ,20200604,20200602,1.6398,1.6398,,,,1.6398,0
901,161130.SZ,20200603,20200601,1.6336,1.6336,,,,1.6336,0
902,161130.SZ,20200602,20200529,1.6267,1.6267,,,,1.6267,0
903,161130.SZ,20200530,20200528,1.6034,1.6034,,,,1.6034,0
904,161130.SZ,20200529,20200527,1.6031,1.6031,,,,1.6031,0
905,161130.SZ,20200528,20200526,1.5991,1.5991,,,,1.5991,0
906,161130.SZ,20200527,20200525,1.6011,1.6011,,,,1.6011,0
907,161130.SZ,20200526,20200522,1.595,1.595,,,,1.595,0
908,161130.SZ,20200523,20200521,1.5877,1.5877,,,,1.5877,0
909,161130.SZ,20200522,20200520,1.607,1.607,,,,1.607,0
910,161130.SZ,20200521,20200519,1.5751,1.5751,,,,1.5751,0
911,161130.SZ,20200520,20200518,1.583,1.583,,,,1.583,0
912,161130.SZ,20200519,20200515,1.5514,1.5514,,,,1.5514,0
913,161130.SZ,20200516,20200514,1.5423,1.5423,,,,1.5423,0
914,161130.SZ,20200515,20200513,1.5255,1.5255,,,,1.5255,0
915,161130.SZ,20200514,20200512,1.5444,1.5444,,,,1.5444,0
916,161130.SZ,20200513,20200511,1.5713,1.5713,,,,1.5713,0
917,161130.SZ,20200512,20200508,1.5594,1.5594,,,,1.5594,0
918,161130.SZ,20200509,20200507,1.5431,1.5431,,,,1.5431,0
919,161130.SZ,20200508,20200506,1.5189,1.5189,,,,1.5189,0
920,161130.SZ,20200507,20200430,1.519,1.519,,,,1.519,0
921,161130.SZ,20200501,20200429,1.5192,1.5192,,,,1.5192,0
922,161130.SZ,20200430,20200428,1.47,1.47,,,,1.47,0
923,161130.SZ,20200429,20200427,1.4953,1.4953,,,,1.4953,0
924,161130.SZ,20200428,20200424,1.489,1.489,,,,1.489,0
925,161130.SZ,20200425,20200423,1.4671,1.4671,,,,1.4671,0
926,161130.SZ,20200424,20200422,1.4713,1.4713,,,,1.4713,0
927,161130.SZ,20200423,20200421,1.4262,1.4262,,,,1.4262,0
928,161130.SZ,20200422,20200420,1.4764,1.4764,,,,1.4764,0
929,161130.SZ,20200421,20200417,1.495,1.495,,,,1.495,0
930,161130.SZ,20200418,20200416,1.483,1.483,,,,1.483,0
931,161130.SZ,20200417,20200415,1.4505,1.4505,,,,1.4505,0
932,161130.SZ,20200416,20200414,1.4666,1.4666,,,,1.4666,0
933,161130.SZ,20200415,20200413,1.4064,1.4064,,,,1.4064,0
934,161130.SZ,20200414,20200410,1.392,1.392,,,,1.392,0
935,161130.SZ,20200411,20200409,1.3955,1.3955,,,,1.3955,0
936,161130.SZ,20200410,20200408,1.3927,1.3927,,,,1.3927,0
937,161130.SZ,20200409,20200407,1.3716,1.3716,,,,1.3716,0
938,161130.SZ,20200408,20200403,1.2908,1.2908,,,,1.2908,0
939,161130.SZ,20200404,20200402,1.3063,1.3063,,,,1.3063,0
940,161130.SZ,20200403,20200401,1.2779,1.2779,,,,1.2779,0
941,161130.SZ,20200402,20200331,1.333,1.333,,,,1.333,0
942,161130.SZ,20200421,20200331,1.333,1.333,,570658026.3,570658026.3,1.333,1
943,161130.SZ,20200401,20200330,1.3377,1.3377,,,,1.3377,0
944,161130.SZ,20200331,20200327,1.2884,1.2884,,,,1.2884,0
945,161130.SZ,20200328,20200326,1.3422,1.3422,,,,1.3422,0
946,161130.SZ,20200327,20200325,1.2741,1.2741,,,,1.2741,0
947,161130.SZ,20200326,20200324,1.2926,1.2926,,,,1.2926,0
948,161130.SZ,20200325,20200323,1.2003,1.2003,,,,1.2003,0
949,161130.SZ,20200324,20200320,1.2011,1.2011,,,,1.2011,0
950,161130.SZ,20200321,20200319,1.2419,1.2419,,,,1.2419,0
951,161130.SZ,20200320,20200318,1.2193,1.2193,,,,1.2193,0
952,161130.SZ,20200319,20200317,1.2659,1.2659,,,,1.2659,0
953,161130.SZ,20200318,20200316,1.1892,1.1892,,,,1.1892,0
954,161130.SZ,20200317,20200313,1.3587,1.3587,,,,1.3587,0
955,161130.SZ,20200314,20200312,1.2247,1.2247,,,,1.2247,0
956,161130.SZ,20200313,20200311,1.3522,1.3522,,,,1.3522,0
957,161130.SZ,20200312,20200310,1.41,1.41,,,,1.41,0
958,161130.SZ,20200311,20200309,1.3395,1.3395,,,,1.3395,0
959,161130.SZ,20200310,20200306,1.4359,1.4359,,,,1.4359,0
960,161130.SZ,20200307,20200305,1.461,1.461,,,,1.461,0
961,161130.SZ,20200306,20200304,1.5094,1.5094,,,,1.5094,0
962,161130.SZ,20200305,20200303,1.4525,1.4525,,,,1.4525,0
963,161130.SZ,20200304,20200302,1.5027,1.5027,,,,1.5027,0
964,161130.SZ,20200303,20200228,1.4385,1.4385,,,,1.4385,0
965,161130.SZ,20200229,20200227,1.4365,1.4365,,,,1.4365,0
966,161130.SZ,20200228,20200226,1.5091,1.5091,,,,1.5091,0
967,161130.SZ,20200227,20200225,1.5053,1.5053,,,,1.5053,0
968,161130.SZ,20200226,20200224,1.5463,1.5463,,,,1.5463,0
969,161130.SZ,20200225,20200221,1.606,1.606,,,,1.606,0
970,161130.SZ,20200222,20200220,1.6314,1.6314,,,,1.6314,0
971,161130.SZ,20200221,20200219,1.6469,1.6469,,,,1.6469,0
972,161130.SZ,20200220,20200218,1.6299,1.6299,,,,1.6299,0
973,161130.SZ,20200219,20200217,1.6287,1.6287,,,,1.6287,0
974,161130.SZ,20200218,20200214,1.6298,1.6298,,,,1.6298,0
975,161130.SZ,20200215,20200213,1.6254,1.6254,,,,1.6254,0
976,161130.SZ,20200214,20200212,1.6266,1.6266,,,,1.6266,0
977,161130.SZ,20200213,20200211,1.6151,1.6151,,,,1.6151,0
978,161130.SZ,20200212,20200210,1.6145,1.6145,,,,1.6145,0
979,161130.SZ,20200211,20200207,1.595,1.595,,,,1.595,0
980,161130.SZ,20200208,20200206,1.606,1.606,,,,1.606,0
981,161130.SZ,20200207,20200205,1.5902,1.5902,,,,1.5902,0
982,161130.SZ,20200206,20200204,1.5835,1.5835,,,,1.5835,0
983,161130.SZ,20200205,20200203,1.537,1.537,,,,1.537,0
984,161130.SZ,20200204,20200123,1.545,1.545,,,,1.545,0
985,161130.SZ,20200124,20200122,1.5396,1.5396,,,,1.5396,0
986,161130.SZ,20200123,20200121,1.5309,1.5309,,,,1.5309,0
987,161130.SZ,20200122,20200120,1.5335,1.5335,,,,1.5335,0
988,161130.SZ,20200121,20200117,1.5382,1.5382,,,,1.5382,0
989,161130.SZ,20200118,20200116,1.5287,1.5287,,,,1.5287,0
990,161130.SZ,20200117,20200115,1.5152,1.5152,,,,1.5152,0
991,161130.SZ,20200116,20200114,1.5171,1.5171,,,,1.5171,0
992,161130.SZ,20200115,20200113,1.5295,1.5295,,,,1.5295,0
993,161130.SZ,20200114,20200110,1.5145,1.5145,,,,1.5145,0
994,161130.SZ,20200111,20200109,1.5214,1.5214,,,,1.5214,0
995,161130.SZ,20200110,20200108,1.5078,1.5078,,,,1.5078,0
996,161130.SZ,20200109,20200107,1.5018,1.5018,,,,1.5018,0
997,161130.SZ,20200108,20200106,1.5026,1.5026,,,,1.5026,0
998,161130.SZ,20200107,20200103,1.4934,1.4934,,,,1.4934,0
999,161130.SZ,20200104,20200102,1.5047,1.5047,,,,1.5047,0
1000,161130.SZ,20200103,20191231,1.4852,1.4852,,,,1.4852,0
1001,161130.SZ,20200118,20191231,1.4852,1.4852,,149041808.14,149041808.14,1.4852,1
1002,161130.SZ,20200101,20191230,1.4824,1.4824,,,,1.4824,0
1003,161130.SZ,20191231,20191227,1.4941,1.4941,,,,1.4941,0
1004,161130.SZ,20191228,20191226,1.4939,1.4939,,,,1.4939,0
1005,161130.SZ,20191227,20191225,1.4868,1.4868,,,,1.4868,0
1006,161130.SZ,20191226,20191224,1.4879,1.4879,,,,1.4879,0
1007,161130.SZ,20191225,20191223,1.4873,1.4873,,,,1.4873,0
1008,161130.SZ,20191224,20191220,1.4829,1.4829,,,,1.4829,0
1009,161130.SZ,20191221,20191219,1.4767,1.4767,,,,1.4767,0
1010,161130.SZ,20191220,20191218,1.4658,1.4658,,,,1.4658,0
1011,161130.SZ,20191219,20191217,1.465,1.465,,,,1.465,0
1012,161130.SZ,20191218,20191216,1.4631,1.4631,,,,1.4631,0
1013,161130.SZ,20191217,20191213,1.4544,1.4544,,,,1.4544,0
1014,161130.SZ,20191214,20191212,1.4528,1.4528,,,,1.4528,0
1015,161130.SZ,20191213,20191211,1.4446,1.4446,,,,1.4446,0
1016,161130.SZ,20191212,20191210,1.437,1.437,,,,1.437,0
1017,161130.SZ,20191211,20191209,1.4384,1.4384,,,,1.4384,0
1018,161130.SZ,20191210,20191206,1.4441,1.4441,,,,1.4441,0
1019,161130.SZ,20191207,20191205,1.4321,1.4321,,,,1.4321,0
1020,161130.SZ,20191206,20191204,1.4272,1.4272,,,,1.4272,0
1021,161130.SZ,20191205,20191203,1.4171,1.4171,,,,1.4171,0
1022,161130.SZ,20191204,20191202,1.427,1.427,,,,1.427,0
1023,161130.SZ,20191203,20191129,1.4434,1.4434,,,,1.4434,0
1024,161130.SZ,20191130,20191128,1.4499,1.4499,,,,1.4499,0
1025,161130.SZ,20191129,20191127,1.4515,1.4515,,,,1.4515,0
1026,161130.SZ,20191128,20191126,1.4415,1.4415,,,,1.4415,0
1027,161130.SZ,20191127,20191125,1.4402,1.4402,,,,1.4402,0
1028,161130.SZ,20191126,20191122,1.4221,1.4221,,,,1.4221,0
1029,161130.SZ,20191123,20191121,1.4194,1.4194,,,,1.4194,0
1030,161130.SZ,20191122,20191120,1.4203,1.4203,,,,1.4203,0
1031,161130.SZ,20191121,20191119,1.4272,1.4272,,,,1.4272,0
1032,161130.SZ,20191120,20191118,1.4258,1.4258,,,,1.4258,0
1033,161130.SZ,20191119,20191115,1.4248,1.4248,,,,1.4248,0
1034,161130.SZ,20191116,20191114,1.4151,1.4151,,,,1.4151,0
1035,161130.SZ,20191115,20191113,1.4142,1.4142,,,,1.4142,0
1036,161130.SZ,20191114,20191112,1.4142,1.4142,,,,1.4142,0
1037,161130.SZ,20191113,20191111,1.4096,1.4096,,,,1.4096,0
1038,161130.SZ,20191112,20191108,1.4122,1.4122,,,,1.4122,0
1039,161130.SZ,20191109,20191107,1.4075,1.4075,,,,1.4075,0
1040,161130.SZ,20191108,20191106,1.4045,1.4045,,,,1.4045,0
1041,161130.SZ,20191107,20191105,1.4125,1.4125,,,,1.4125,0
1042,161130.SZ,20191106,20191104,1.4126,1.4126,,,,1.4126,0
1043,161130.SZ,20191105,20191101,1.4056,1.4056,,,,1.4056,0
1044,161130.SZ,20191102,20191031,1.3946,1.3946,,,,1.3946,0
1045,161130.SZ,20191101,20191030,1.3954,1.3954,,,,1.3954,0
1046,161130.SZ,20191031,20191029,1.3899,1.3899,,,,1.3899,0
1047,161130.SZ,20191030,20191028,1.4033,1.4033,,,,1.4033,0
1048,161130.SZ,20191029,20191025,1.3896,1.3896,,,,1.3896,0
1049,161130.SZ,20191026,20191024,1.3786,1.3786,,,,1.3786,0
1050,161130.SZ,20191025,20191023,1.3664,1.3664,,,,1.3664,0
1051,161130.SZ,20191024,20191022,1.3623,1.3623,,,,1.3623,0
1052,161130.SZ,20191023,20191021,1.3737,1.3737,,,,1.3737,0
1053,161130.SZ,20191022,20191018,1.362,1.362,,,,1.362,0
1054,161130.SZ,20191019,20191017,1.3762,1.3762,,,,1.3762,0
1055,161130.SZ,20191018,20191016,1.3719,1.3719,,,,1.3719,0
1056,161130.SZ,20191017,20191015,1.3749,1.3749,,,,1.3749,0
1057,161130.SZ,20191016,20191014,1.3586,1.3586,,,,1.3586,0
1058,161130.SZ,20191015,20191011,1.3591,1.3591,,,,1.3591,0
1059,161130.SZ,20191012,20191010,1.3422,1.3422,,,,1.3422,0
1060,161130.SZ,20191011,20191009,1.3339,1.3339,,,,1.3339,0
1061,161130.SZ,20191010,20191008,1.3197,1.3197,,,,1.3197,0
1062,161130.SZ,20191009,20190930,1.3439,1.3439,,,,1.3439,0
1063,161130.SZ,20191024,20190930,1.3439,1.3439,,109043992.67,109043992.67,1.3439,1
1064,161130.SZ,20191001,20190927,1.3327,1.3327,,,,1.3327,0
1065,161130.SZ,20190928,20190926,1.3476,1.3476,,,,1.3476,0
1066,161130.SZ,20190927,20190925,1.3528,1.3528,,,,1.3528,0
1067,161130.SZ,20190926,20190924,1.3381,1.3381,,,,1.3381,0
1068,161130.SZ,20190925,20190923,1.355,1.355,,,,1.355,0
1069,161130.SZ,20190924,20190920,1.3559,1.3559,,,,1.3559,0
1070,161130.SZ,20190921,20190919,1.3685,1.3685,,,,1.3685,0
1071,161130.SZ,20190920,20190918,1.3662,1.3662,,,,1.3662,0
1072,161130.SZ,20190919,20190917,1.3664,1.3664,,,,1.3664,0
1073,161130.SZ,20190918,20190916,1.3589,1.3589,,,,1.3589,0
1074,161130.SZ,20190917,20190912,1.3736,1.3736,,,,1.3736,0
1075,161130.SZ,20190913,20190911,1.3684,1.3684,,,,1.3684,0
1076,161130.SZ,20190912,20190910,1.3563,1.3563,,,,1.3563,0
1077,161130.SZ,20190911,20190909,1.3594,1.3594,,,,1.3594,0
1078,161130.SZ,20190910,20190906,1.363,1.363,,,,1.363,0
1079,161130.SZ,20190907,20190905,1.3647,1.3647,,,,1.3647,0
1080,161130.SZ,20190906,20190904,1.3415,1.3415,,,,1.3415,0
1081,161130.SZ,20190905,20190903,1.3235,1.3235,,,,1.3235,0
1082,161130.SZ,20190903,20190830,1.3369,1.3369,,,,1.3369,0
1083,161130.SZ,20190831,20190829,1.3385,1.3385,,,,1.3385,0
1084,161130.SZ,20190830,20190828,1.3191,1.3191,,,,1.3191,0
1085,161130.SZ,20190829,20190827,1.3148,1.3148,,,,1.3148,0
1086,161130.SZ,20190828,20190826,1.3119,1.3119,,,,1.3119,0
1087,161130.SZ,20190827,20190823,1.2938,1.2938,,,,1.2938,0
1088,161130.SZ,20190824,20190822,1.3325,1.3325,,,,1.3325,0
1089,161130.SZ,20190823,20190821,1.3357,1.3357,,,,1.3357,0
1090,161130.SZ,20190822,20190820,1.3247,1.3247,,,,1.3247,0
1091,161130.SZ,20190821,20190819,1.332,1.332,,,,1.332,0
1092,161130.SZ,20190820,20190816,1.3122,1.3122,,,,1.3122,0
1093,161130.SZ,20190817,20190815,1.2905,1.2905,,,,1.2905,0
1094,161130.SZ,20190816,20190814,1.2923,1.2923,,,,1.2923,0
1095,161130.SZ,20190815,20190813,1.3309,1.3309,,,,1.3309,0
1096,161130.SZ,20190814,20190812,1.3017,1.3017,,,,1.3017,0
1097,161130.SZ,20190813,20190809,1.3139,1.3139,,,,1.3139,0
1098,161130.SZ,20190810,20190808,1.3246,1.3246,,,,1.3246,0
1099,161130.SZ,20190809,20190807,1.2955,1.2955,,,,1.2955,0
1100,161130.SZ,20190808,20190806,1.2847,1.2847,,,,1.2847,0
1101,161130.SZ,20190807,20190805,1.259,1.259,,,,1.259,0
1102,161130.SZ,20190806,20190802,1.3009,1.3009,,,,1.3009,0
1103,161130.SZ,20190803,20190801,1.318,1.318,,,,1.318,0
1104,161130.SZ,20190802,20190731,1.324,1.324,,,,1.324,0
1105,161130.SZ,20190801,20190730,1.3411,1.3411,,,,1.3411,0
1106,161130.SZ,20190731,20190729,1.3462,1.3462,,,,1.3462,0
1107,161130.SZ,20190730,20190726,1.3505,1.3505,,,,1.3505,0
1108,161130.SZ,20190727,20190725,1.3352,1.3352,,,,1.3352,0
1109,161130.SZ,20190726,20190724,1.3505,1.3505,,,,1.3505,0
1110,161130.SZ,20190725,20190723,1.3409,1.3409,,,,1.3409,0
1111,161130.SZ,20190724,20190722,1.3321,1.3321,,,,1.3321,0
1112,161130.SZ,20190723,20190719,1.3186,1.3186,,,,1.3186,0
1113,161130.SZ,20190720,20190718,1.332,1.332,,,,1.332,0
1114,161130.SZ,20190719,20190717,1.3309,1.3309,,,,1.3309,0
1115,161130.SZ,20190718,20190716,1.3349,1.3349,,,,1.3349,0
1116,161130.SZ,20190717,20190715,1.3405,1.3405,,,,1.3405,0
1117,161130.SZ,20190716,20190712,1.3366,1.3366,,,,1.3366,0
1118,161130.SZ,20190713,20190711,1.3295,1.3295,,,,1.3295,0
1119,161130.SZ,20190712,20190710,1.3341,1.3341,,,,1.3341,0
1120,161130.SZ,20190711,20190709,1.3216,1.3216,,,,1.3216,0
1121,161130.SZ,20190710,20190708,1.3155,1.3155,,,,1.3155,0
1122,161130.SZ,20190709,20190705,1.321,1.321,,,,1.321,0
1123,161130.SZ,20190705,20190703,1.3226,1.3226,,,,1.3226,0
1124,161130.SZ,20190704,20190702,1.3107,1.3107,,,,1.3107,0
1125,161130.SZ,20190703,20190701,1.3093,1.3093,,,,1.3093,0
1126,161130.SZ,20190702,20190630,1.2943,1.2943,,101579649.96,101579649.96,1.2943,1
1127,161130.SZ,20190702,20190628,1.2953,1.2953,,101657354.97,101657354.97,1.2953,1
1128,161130.SZ,20190629,20190627,1.2936,1.2936,,,,1.2936,0
1129,161130.SZ,20190628,20190626,1.2873,1.2873,,,,1.2873,0
1130,161130.SZ,20190627,20190625,1.2794,1.2794,,,,1.2794,0
1131,161130.SZ,20190626,20190624,1.2992,1.2992,,,,1.2992,0
1132,161130.SZ,20190625,20190621,1.2996,1.2996,,,,1.2996,0
1133,161130.SZ,20190622,20190620,1.3072,1.3072,,,,1.3072,0
1134,161130.SZ,20190621,20190619,1.2976,1.2976,,,,1.2976,0
1135,161130.SZ,20190620,20190618,1.2934,1.2934,,,,1.2934,0
1136,161130.SZ,20190619,20190617,1.276,1.276,,,,1.276,0
1137,161130.SZ,20190618,20190614,1.2683,1.2683,,,,1.2683,0
1138,161130.SZ,20190615,20190613,1.2732,1.2732,,,,1.2732,0
1139,161130.SZ,20190614,20190612,1.2668,1.2668,,,,1.2668,0
1140,161130.SZ,20190613,20190611,1.2735,1.2735,,,,1.2735,0
1141,161130.SZ,20190612,20190610,1.2715,1.2715,,,,1.2715,0
1142,161130.SZ,20190611,20190606,1.2351,1.2351,,,,1.2351,0
1143,161130.SZ,20190607,20190605,1.2253,1.2253,,,,1.2253,0
1144,161130.SZ,20190606,20190604,1.2149,1.2149,,,,1.2149,0
1145,161130.SZ,20190605,20190603,1.185,1.185,,,,1.185,0
1146,161130.SZ,20190604,20190531,1.2109,1.2109,,,,1.2109,0
1147,161130.SZ,20190601,20190530,1.2298,1.2298,,,,1.2298,0
1148,161130.SZ,20190531,20190529,1.2251,1.2251,,,,1.2251,0
1149,161130.SZ,20190530,20190528,1.2349,1.2349,,,,1.2349,0
1150,161130.SZ,20190528,20190524,1.2391,1.2391,,,,1.2391,0
1151,161130.SZ,20190525,20190523,1.2403,1.2403,,,,1.2403,0
1152,161130.SZ,20190524,20190522,1.2586,1.2586,,,,1.2586,0
1153,161130.SZ,20190523,20190521,1.2634,1.2634,,,,1.2634,0
1154,161130.SZ,20190522,20190520,1.2515,1.2515,,,,1.2515,0
1155,161130.SZ,20190521,20190517,1.2695,1.2695,,,,1.2695,0
1156,161130.SZ,20190518,20190516,1.2785,1.2785,,,,1.2785,0
1157,161130.SZ,20190517,20190515,1.2655,1.2655,,,,1.2655,0
1158,161130.SZ,20190516,20190514,1.2436,1.2436,,,,1.2436,0
1159,161130.SZ,20190515,20190513,1.2241,1.2241,,,,1.2241,0
1160,161130.SZ,20190514,20190510,1.265,1.265,,,,1.265,0
1161,161130.SZ,20190511,20190509,1.2596,1.2596,,,,1.2596,0
1162,161130.SZ,20190510,20190508,1.2638,1.2638,,,,1.2638,0
1163,161130.SZ,20190509,20190507,1.2676,1.2676,,,,1.2676,0
1164,161130.SZ,20190508,20190506,1.2866,1.2866,,,,1.2866,0
1165,161130.SZ,20190507,20190430,1.2838,1.2838,,,,1.2838,0
1166,161130.SZ,20190501,20190429,1.2932,1.2932,,,,1.2932,0
1167,161130.SZ,20190430,20190426,1.2913,1.2913,,,,1.2913,0
1168,161130.SZ,20190427,20190425,1.2898,1.2898,,,,1.2898,0
1169,161130.SZ,20190426,20190424,1.2834,1.2834,,,,1.2834,0
1170,161130.SZ,20190425,20190423,1.2853,1.2853,,,,1.2853,0
1171,161130.SZ,20190424,20190422,1.2698,1.2698,,,,1.2698,0
1172,161130.SZ,20190420,20190418,1.264,1.264,,,,1.264,0
1173,161130.SZ,20190419,20190417,1.2662,1.2662,,,,1.2662,0
1174,161130.SZ,20190418,20190416,1.262,1.262,,,,1.262,0
1175,161130.SZ,20190417,20190415,1.2583,1.2583,,,,1.2583,0
1176,161130.SZ,20190416,20190412,1.2602,1.2602,,,,1.2602,0
1177,161130.SZ,20190413,20190411,1.2528,1.2528,,,,1.2528,0
1178,161130.SZ,20190412,20190410,1.2558,1.2558,,,,1.2558,0
1179,161130.SZ,20190411,20190409,1.2497,1.2497,,,,1.2497,0
1180,161130.SZ,20190410,20190408,1.2557,1.2557,,,,1.2557,0
1181,161130.SZ,20190409,20190404,1.2438,1.2438,,,,1.2438,0
1182,161130.SZ,20190405,20190403,1.2469,1.2469,,,,1.2469,0
1183,161130.SZ,20190404,20190402,1.2393,1.2393,,,,1.2393,0
1184,161130.SZ,20190403,20190401,1.2365,1.2365,,,,1.2365,0
1185,161130.SZ,20190418,20190331,1.2235,1.2235,,93678009.29,93678009.29,1.2235,0
1186,161130.SZ,20190402,20190329,1.2245,1.2245,,,,1.2245,0
1187,161130.SZ,20190330,20190328,1.2142,1.2142,,,,1.2142,0
1188,161130.SZ,20190329,20190327,1.2101,1.2101,,,,1.2101,0
1189,161130.SZ,20190328,20190326,1.2151,1.2151,,,,1.2151,0
1190,161130.SZ,20190327,20190325,1.2108,1.2108,,,,1.2108,0
1191,161130.SZ,20190326,20190322,1.2097,1.2097,,,,1.2097,0
1192,161130.SZ,20190323,20190321,1.2339,1.2339,,,,1.2339,0
1193,161130.SZ,20190322,20190320,1.221,1.221,,,,1.221,0
1194,161130.SZ,20190321,20190319,1.2153,1.2153,,,,1.2153,0
1195,161130.SZ,20190320,20190318,1.212,1.212,,,,1.212,0
1196,161130.SZ,20190319,20190315,1.2105,1.2105,,,,1.2105,0
1197,161130.SZ,20190316,20190314,1.198,1.198,,,,1.198,0
1198,161130.SZ,20190315,20190313,1.2018,1.2018,,,,1.2018,0
1199,161130.SZ,20190314,20190312,1.1934,1.1934,,,,1.1934,0
1200,161130.SZ,20190313,20190311,1.1888,1.1888,,,,1.1888,0
1201,161130.SZ,20190312,20190308,1.1659,1.1659,,,,1.1659,0
1202,161130.SZ,20190309,20190307,1.1656,1.1656,,,,1.1656,0
1203,161130.SZ,20190308,20190306,1.1776,1.1776,,,,1.1776,0
1204,161130.SZ,20190307,20190305,1.1836,1.1836,,,,1.1836,0
1205,161130.SZ,20190306,20190304,1.1836,1.1836,,,,1.1836,0
1206,161130.SZ,20190305,20190301,1.1822,1.1822,,,,1.1822,0
1207,161130.SZ,20190302,20190228,1.1728,1.1728,,,,1.1728,0
1208,161130.SZ,20190301,20190227,1.1749,1.1749,,,,1.1749,0
1209,161130.SZ,20190228,20190226,1.1775,1.1775,,,,1.1775,0
1210,161130.SZ,20190227,20190225,1.1793,1.1793,,,,1.1793,0
1211,161130.SZ,20190226,20190222,1.1759,1.1759,,,,1.1759,0
1212,161130.SZ,20190223,20190221,1.1686,1.1686,,,,1.1686,0
1213,161130.SZ,20190222,20190220,1.179,1.179,,,,1.179,0
1214,161130.SZ,20190221,20190219,1.1808,1.1808,,,,1.1808,0
1215,161130.SZ,20190219,20190215,1.1786,1.1786,,,,1.1786,0
1216,161130.SZ,20190216,20190214,1.1755,1.1755,,,,1.1755,0
1217,161130.SZ,20190215,20190213,1.1731,1.1731,,,,1.1731,0
1218,161130.SZ,20190214,20190212,1.1745,1.1745,,,,1.1745,0
1219,161130.SZ,20190213,20190211,1.1534,1.1534,,,,1.1534,0
1220,161130.SZ,20190212,20190201,1.1411,1.1411,,,,1.1411,0
1221,161130.SZ,20190202,20190131,1.1451,1.1451,,,,1.1451,0
1222,161130.SZ,20190201,20190130,1.1347,1.1347,,,,1.1347,0
1223,161130.SZ,20190131,20190129,1.1072,1.1072,,,,1.1072,0
1224,161130.SZ,20190130,20190128,1.1193,1.1193,,,,1.1193,0
1225,161130.SZ,20190129,20190125,1.1413,1.1413,,,,1.1413,0
1226,161130.SZ,20190126,20190124,1.1256,1.1256,,,,1.1256,0
1227,161130.SZ,20190125,20190123,1.1212,1.1212,,,,1.1212,0
1228,161130.SZ,20190124,20190122,1.1176,1.1176,,,,1.1176,0
1229,161130.SZ,20190122,20190118,1.1363,1.1363,,,,1.1363,0
1230,161130.SZ,20190119,20190117,1.1247,1.1247,,,,1.1247,0
1231,161130.SZ,20190118,20190116,1.1172,1.1172,,,,1.1172,0
1232,161130.SZ,20190117,20190115,1.1162,1.1162,,,,1.1162,0
1233,161130.SZ,20190116,20190114,1.0963,1.0963,,,,1.0963,0
1234,161130.SZ,20190115,20190111,1.112,1.112,,,,1.112,0
1235,161130.SZ,20190112,20190110,1.1192,1.1192,,,,1.1192,0
1236,161130.SZ,20190111,20190109,1.1219,1.1219,,,,1.1219,0
1237,161130.SZ,20190110,20190108,1.1119,1.1119,,,,1.1119,0
1238,161130.SZ,20190109,20190107,1.1036,1.1036,,,,1.1036,0
1239,161130.SZ,20190108,20190104,1.0943,1.0943,,,,1.0943,0
1240,161130.SZ,20190105,20190103,1.0501,1.0501,,,,1.0501,0
1241,161130.SZ,20190104,20190102,1.0821,1.0821,,,,1.0821,0
1242,161130.SZ,20190103,20181231,1.0796,1.0796,,85539020.04,85539020.04,1.0796,0
1243,161130.SZ,20190103,20181228,1.0725,1.0725,,,,1.0725,0
1244,161130.SZ,20181229,20181227,1.0773,1.0773,,,,1.0773,0
1245,161130.SZ,20181228,20181226,1.0723,1.0723,,,,1.0723,0
1246,161130.SZ,20181226,20181224,1.0155,1.0155,,,,1.0155,0
1247,161130.SZ,20181225,20181221,1.0368,1.0368,,,,1.0368,0
1248,161130.SZ,20181222,20181220,1.0707,1.0707,,,,1.0707,0
1249,161130.SZ,20181221,20181219,1.086,1.086,,,,1.086,0
1250,161130.SZ,20181220,20181218,1.11,1.11,,,,1.11,0
1251,161130.SZ,20181219,20181217,1.1038,1.1038,,,,1.1038,0
1252,161130.SZ,20181218,20181214,1.1252,1.1252,,,,1.1252,0
1253,161130.SZ,20181215,20181213,1.1537,1.1537,,,,1.1537,0
1254,161130.SZ,20181214,20181212,1.158,1.158,,,,1.158,0
1255,161130.SZ,20181213,20181211,1.1472,1.1472,,,,1.1472,0
1256,161130.SZ,20181212,20181210,1.1389,1.1389,,,,1.1389,0
1257,161130.SZ,20181211,20181207,1.1274,1.1274,,,,1.1274,0
1258,161130.SZ,20181208,20181206,1.1623,1.1623,,,,1.1623,0
1259,161130.SZ,20181206,20181204,1.1609,1.1609,,,,1.1609,0
1260,161130.SZ,20181205,20181203,1.2123,1.2123,,,,1.2123,0
1261,161130.SZ,20181204,20181130,1.1925,1.1925,,,,1.1925,0
1262,161130.SZ,20181201,20181129,1.1831,1.1831,,,,1.1831,0
1263,161130.SZ,20181130,20181128,1.1891,1.1891,,,,1.1891,0
1264,161130.SZ,20181129,20181127,1.1537,1.1537,,,,1.1537,0
1265,161130.SZ,20181128,20181126,1.1499,1.1499,,,,1.1499,0
1266,161130.SZ,20181127,20181123,1.1227,1.1227,,,,1.1227,0
1267,161130.SZ,20181123,20181121,1.133,1.133,,,,1.133,0
1268,161130.SZ,20181122,20181120,1.1222,1.1222,,,,1.1222,0
1269,161130.SZ,20181121,20181119,1.1406,1.1406,,,,1.1406,0
1270,161130.SZ,20181120,20181116,1.1795,1.1795,,,,1.1795,0
1271,161130.SZ,20181117,20181115,1.1835,1.1835,,,,1.1835,0
1272,161130.SZ,20181116,20181114,1.1639,1.1639,,,,1.1639,0
1273,161130.SZ,20181115,20181113,1.1771,1.1771,,,,1.1771,0
1274,161130.SZ,20181114,20181112,1.1743,1.1743,,,,1.1743,0
1275,161130.SZ,20181113,20181109,1.206,1.206,,,,1.206,0
1276,161130.SZ,20181110,20181108,1.2226,1.2226,,,,1.2226,0
1277,161130.SZ,20181109,20181107,1.2276,1.2276,,,,1.2276,0
1278,161130.SZ,20181108,20181106,1.1931,1.1931,,,,1.1931,0
1279,161130.SZ,20181107,20181105,1.1829,1.1829,,,,1.1829,0
1280,161130.SZ,20181106,20181102,1.1943,1.1943,,,,1.1943,0
1281,161130.SZ,20181103,20181101,1.2165,1.2165,,,,1.2165,0
1282,161130.SZ,20181102,20181031,1.1994,1.1994,,,,1.1994,0
1283,161130.SZ,20181101,20181030,1.1726,1.1726,,,,1.1726,0
1284,161130.SZ,20181031,20181029,1.1528,1.1528,,,,1.1528,0
1285,161130.SZ,20181030,20181026,1.1779,1.1779,,,,1.1779,0
1286,161130.SZ,20181027,20181025,1.2045,1.2045,,,,1.2045,0
1287,161130.SZ,20181026,20181024,1.1664,1.1664,,,,1.1664,0
1288,161130.SZ,20181025,20181023,1.2201,1.2201,,,,1.2201,0
1289,161130.SZ,20181024,20181022,1.222,1.222,,,,1.222,0
1290,161130.SZ,20181023,20181019,1.2192,1.2192,,,,1.2192,0
1291,161130.SZ,20181020,20181018,1.2188,1.2188,,,,1.2188,0
1292,161130.SZ,20181019,20181017,1.2422,1.2422,,,,1.2422,0
1293,161130.SZ,20181018,20181016,1.2422,1.2422,,,,1.2422,0
1294,161130.SZ,20181017,20181015,1.2088,1.2088,,,,1.2088,0
1295,161130.SZ,20181016,20181012,1.2227,1.2227,,,,1.2227,0
1296,161130.SZ,20181013,20181011,1.1889,1.1889,,,,1.1889,0
1297,161130.SZ,20181012,20181010,1.2017,1.2017,,,,1.2017,0
1298,161130.SZ,20181011,20181009,1.2535,1.2535,,,,1.2535,0
1299,161130.SZ,20181010,20181008,1.2492,1.2492,,,,1.2492,0
1300,161130.SZ,20181024,20180930,1.2904,1.2904,,136315818.02,136315818.02,1.2904,0
1301,161130.SZ,20181009,20180928,1.2912,1.2912,,,,1.2912,0
1302,161130.SZ,20180929,20180927,1.2888,1.2888,,,,1.2888,0
1303,161130.SZ,20180928,20180926,1.2768,1.2768,,,,1.2768,0
1304,161130.SZ,20180927,20180925,1.2745,1.2745,,,,1.2745,0
1305,161130.SZ,20180926,20180921,1.268,1.268,,,,1.268,0
1306,161130.SZ,20180922,20180920,1.2772,1.2772,,,,1.2772,0
1307,161130.SZ,20180921,20180919,1.2654,1.2654,,,,1.2654,0
1308,161130.SZ,20180920,20180918,1.2659,1.2659,,,,1.2659,0
1309,161130.SZ,20180919,20180917,1.2555,1.2555,,,,1.2555,0
1310,161130.SZ,20180918,20180914,1.2707,1.2707,,,,1.2707,0
1311,161130.SZ,20180915,20180913,1.2756,1.2756,,,,1.2756,0
1312,161130.SZ,20180914,20180912,1.2647,1.2647,,,,1.2647,0
1313,161130.SZ,20180913,20180911,1.267,1.267,,,,1.267,0
1314,161130.SZ,20180912,20180910,1.2557,1.2557,,,,1.2557,0
1315,161130.SZ,20180911,20180907,1.2506,1.2506,,,,1.2506,0
1316,161130.SZ,20180908,20180906,1.2544,1.2544,,,,1.2544,0
1317,161130.SZ,20180907,20180905,1.2662,1.2662,,,,1.2662,0
1318,161130.SZ,20180906,20180904,1.2805,1.2805,,,,1.2805,0
1319,161130.SZ,20180904,20180831,1.2869,1.2869,,,,1.2869,0
1320,161130.SZ,20180901,20180830,1.2827,1.2827,,,,1.2827,0
1321,161130.SZ,20180831,20180829,1.2846,1.2846,,,,1.2846,0
1322,161130.SZ,20180830,20180828,1.2701,1.2701,,,,1.2701,0
1323,161130.SZ,20180829,20180827,1.2768,1.2768,,,,1.2768,0
1324,161130.SZ,20180828,20180824,1.2689,1.2689,,,,1.2689,0
1325,161130.SZ,20180825,20180823,1.2514,1.2514,,,,1.2514,0
1326,161130.SZ,20180824,20180822,1.2514,1.2514,,,,1.2514,0
1327,161130.SZ,20180823,20180821,1.2486,1.2486,,,,1.2486,0
1328,161130.SZ,20180822,20180820,1.2508,1.2508,,,,1.2508,0
1329,161130.SZ,20180821,20180817,1.255,1.255,,,,1.255,0
1330,161130.SZ,20180818,20180816,1.2553,1.2553,,,,1.2553,0
1331,161130.SZ,20180817,20180815,1.2505,1.2505,,,,1.2505,0
1332,161130.SZ,20180816,20180814,1.2621,1.2621,,,,1.2621,0
1333,161130.SZ,20180815,20180813,1.2536,1.2536,,,,1.2536,0
1334,161130.SZ,20180814,20180810,1.2509,1.2509,,,,1.2509,0
1335,161130.SZ,20180811,20180809,1.2584,1.2584,,,,1.2584,0
1336,161130.SZ,20180810,20180808,1.2587,1.2587,,,,1.2587,0
1337,161130.SZ,20180809,20180807,1.2597,1.2597,,,,1.2597,0
1338,161130.SZ,20180808,20180806,1.2575,1.2575,,,,1.2575,0
1339,161130.SZ,20180807,20180803,1.2473,1.2473,,,,1.2473,0
1340,161130.SZ,20180804,20180802,1.237,1.237,,,,1.237,0
1341,161130.SZ,20180803,20180801,1.2277,1.2277,,,,1.2277,0
1342,161130.SZ,20180802,20180731,1.219,1.219,,,,1.219,0
1343,161130.SZ,20180801,20180730,1.2125,1.2125,,,,1.2125,0
1344,161130.SZ,20180731,20180727,1.2259,1.2259,,,,1.2259,0
1345,161130.SZ,20180728,20180726,1.2373,1.2373,,,,1.2373,0
1346,161130.SZ,20180727,20180725,1.2602,1.2602,,,,1.2602,0
1347,161130.SZ,20180726,20180724,1.2414,1.2414,,,,1.2414,0
1348,161130.SZ,20180725,20180723,1.2306,1.2306,,,,1.2306,0
1349,161130.SZ,20180724,20180720,1.2283,1.2283,,,,1.2283,0
1350,161130.SZ,20180721,20180719,1.218,1.218,,,,1.218,0
1351,161130.SZ,20180720,20180718,1.2215,1.2215,,,,1.2215,0
1352,161130.SZ,20180719,20180717,1.2221,1.2221,,,,1.2221,0
1353,161130.SZ,20180718,20180716,1.2141,1.2141,,,,1.2141,0
1354,161130.SZ,20180717,20180713,1.2165,1.2165,,,,1.2165,0
1355,161130.SZ,20180714,20180712,1.215,1.215,,,,1.215,0
1356,161130.SZ,20180713,20180711,1.1873,1.1873,,,,1.1873,0
1357,161130.SZ,20180712,20180710,1.1938,1.1938,,,,1.1938,0
1358,161130.SZ,20180711,20180709,1.1952,1.1952,,,,1.1952,0
1359,161130.SZ,20180710,20180706,1.1836,1.1836,,,,1.1836,0
1360,161130.SZ,20180707,20180705,1.1643,1.1643,,,,1.1643,0
1361,161130.SZ,20180705,20180703,1.1562,1.1562,,,,1.1562,0
1362,161130.SZ,20180704,20180702,1.1633,1.1633,,,,1.1633,0
1363,161130.SZ,20180703,20180630,1.1545,1.1545,,70117977.97,70117977.97,1.1545,0
1364,161130.SZ,20180703,20180629,1.1558,1.1558,,70193752.01,70193752.01,1.1558,1
1365,161130.SZ,20180630,20180628,1.1508,1.1508,,,,1.1508,0
1366,161130.SZ,20180629,20180627,1.1345,1.1345,,,,1.1345,0
1367,161130.SZ,20180628,20180626,1.1429,1.1429,,,,1.1429,0
1368,161130.SZ,20180627,20180625,1.1334,1.1334,,,,1.1334,0
1369,161130.SZ,20180626,20180622,1.1561,1.1561,,,,1.1561,0
1370,161130.SZ,20180623,20180621,1.1574,1.1574,,,,1.1574,0
1371,161130.SZ,20180622,20180620,1.1649,1.1649,,,,1.1649,0
1372,161130.SZ,20180621,20180619,1.1503,1.1503,,,,1.1503,0
1373,161130.SZ,20180620,20180615,1.1558,1.1558,,,,1.1558,0
1374,161130.SZ,20180616,20180614,1.1534,1.1534,,,,1.1534,0
1375,161130.SZ,20180615,20180613,1.1457,1.1457,,,,1.1457,0
1376,161130.SZ,20180614,20180612,1.1457,1.1457,,,,1.1457,0
1377,161130.SZ,20180613,20180611,1.1387,1.1387,,,,1.1387,0
1378,161130.SZ,20180612,20180608,1.1354,1.1354,,,,1.1354,0
1379,161130.SZ,20180609,20180607,1.134,1.134,,,,1.134,0
1380,161130.SZ,20180608,20180606,1.1449,1.1449,,,,1.1449,0
1381,161130.SZ,20180607,20180605,1.1405,1.1405,,,,1.1405,0
1382,161130.SZ,20180606,20180604,1.1379,1.1379,,,,1.1379,0
1383,161130.SZ,20180605,20180601,1.1267,1.1267,,,,1.1267,0
1384,161130.SZ,20180602,20180531,1.1102,1.1102,,,,1.1102,0
1385,161130.SZ,20180601,20180530,1.1127,1.1127,,,,1.1127,0
1386,161130.SZ,20180531,20180529,1.1019,1.1019,,,,1.1019,0
1387,161130.SZ,20180529,20180525,1.1046,1.1046,,,,1.1046,0
1388,161130.SZ,20180526,20180524,1.102,1.102,,,,1.102,0
1389,161130.SZ,20180525,20180523,1.1019,1.1019,,,,1.1019,0
1390,161130.SZ,20180524,20180522,1.0933,1.0933,,,,1.0933,0
1391,161130.SZ,20180523,20180521,1.0961,1.0961,,,,1.0961,0
1392,161130.SZ,20180522,20180518,1.0888,1.0888,,,,1.0888,0
1393,161130.SZ,20180519,20180517,1.0927,1.0927,,,,1.0927,0
1394,161130.SZ,20180518,20180516,1.0981,1.0981,,,,1.0981,0
1395,161130.SZ,20180517,20180515,1.0868,1.0868,,,,1.0868,0
1396,161130.SZ,20180516,20180514,1.0958,1.0958,,,,1.0958,0
1397,161130.SZ,20180515,20180511,1.0973,1.0973,,,,1.0973,0
1398,161130.SZ,20180512,20180510,1.1027,1.1027,,,,1.1027,0
1399,161130.SZ,20180511,20180509,1.0915,1.0915,,,,1.0915,0
1400,161130.SZ,20180510,20180508,1.0789,1.0789,,,,1.0789,0
1401,161130.SZ,20180509,20180507,1.0784,1.0784,,,,1.0784,0
1402,161130.SZ,20180508,20180504,1.0696,1.0696,,,,1.0696,0
1403,161130.SZ,20180505,20180503,1.054,1.054,,,,1.054,0
1404,161130.SZ,20180504,20180502,1.0531,1.0531,,,,1.0531,0
1405,161130.SZ,20180503,20180427,1.0504,1.0504,,,,1.0504,0
1406,161130.SZ,20180428,20180426,1.0474,1.0474,,,,1.0474,0
1407,161130.SZ,20180427,20180425,1.0238,1.0238,,,,1.0238,0
1408,161130.SZ,20180426,20180424,1.0258,1.0258,,,,1.0258,0
1409,161130.SZ,20180425,20180423,1.0436,1.0436,,,,1.0436,0
1410,161130.SZ,20180424,20180420,1.0443,1.0443,,,,1.0443,0
1411,161130.SZ,20180421,20180419,1.0593,1.0593,,,,1.0593,0
1412,161130.SZ,20180420,20180418,1.0678,1.0678,,,,1.0678,0
1413,161130.SZ,20180419,20180417,1.0646,1.0646,,,,1.0646,0
1414,161130.SZ,20180418,20180416,1.0457,1.0457,,,,1.0457,0
1415,161130.SZ,20180417,20180413,1.0392,1.0392,,,,1.0392,0
1416,161130.SZ,20180414,20180412,1.0423,1.0423,,,,1.0423,0
1417,161130.SZ,20180413,20180411,1.033,1.033,,,,1.033,0
1418,161130.SZ,20180412,20180410,1.0405,1.0405,,,,1.0405,0
1419,161130.SZ,20180411,20180409,1.0198,1.0198,,,,1.0198,0
1420,161130.SZ,20180410,20180404,1.0301,1.0301,,,,1.0301,0
1421,161130.SZ,20180405,20180403,1.0134,1.0134,,,,1.0134,0
1422,161130.SZ,20180404,20180402,1.0021,1.0021,,,,1.0021,0
1423,161130.SZ,20180423,20180331,1.0326,1.0326,,66273747.74,66273747.74,1.0326,0
1424,161130.SZ,20180331,20180329,1.0364,1.0364,,,,1.0364,0
1425,161130.SZ,20180330,20180328,1.0141,1.0141,,,,1.0141,0
1426,161130.SZ,20180329,20180327,1.025,1.025,,,,1.025,0
1427,161130.SZ,20180328,20180326,1.0653,1.0653,,,,1.0653,0
1428,161130.SZ,20180327,20180323,1.0294,1.0294,,,,1.0294,0
1429,161130.SZ,20180324,20180322,1.054,1.054,,,,1.054,0
1430,161130.SZ,20180323,20180321,1.0835,1.0835,,,,1.0835,0
1431,161130.SZ,20180322,20180320,1.0858,1.0858,,,,1.0858,0
1432,161130.SZ,20180321,20180319,1.084,1.084,,,,1.084,0
1433,161130.SZ,20180320,20180316,1.1076,1.1076,,,,1.1076,0
1434,161130.SZ,20180317,20180315,1.1057,1.1057,,,,1.1057,0
1435,161130.SZ,20180316,20180314,1.1084,1.1084,,,,1.1084,0
1436,161130.SZ,20180315,20180313,1.1095,1.1095,,,,1.1095,0
1437,161130.SZ,20180314,20180312,1.1243,1.1243,,,,1.1243,0
1438,161130.SZ,20180313,20180309,1.1221,1.1221,,,,1.1221,0
1439,161130.SZ,20180310,20180308,1.0978,1.0978,,,,1.0978,0
1440,161130.SZ,20180309,20180307,1.0931,1.0931,,,,1.0931,0
1441,161130.SZ,20180308,20180306,1.0922,1.0922,,,,1.0922,0
1442,161130.SZ,20180307,20180305,1.0882,1.0882,,,,1.0882,0
1443,161130.SZ,20180306,20180302,1.0761,1.0761,,,,1.0761,0
1444,161130.SZ,20180303,20180301,1.0673,1.0673,,,,1.0673,0
1445,161130.SZ,20180302,20180228,1.082,1.082,,,,1.082,0
1446,161130.SZ,20180301,20180227,1.0864,1.0864,,,,1.0864,0
1447,161130.SZ,20180228,20180226,1.1036,1.1036,,,,1.1036,0
1448,161130.SZ,20180227,20180223,1.0918,1.0918,,,,1.0918,0
1449,161130.SZ,20180224,20180222,1.0725,1.0725,,,,1.0725,0
1450,161130.SZ,20180223,20180214,1.0582,1.0582,,,,1.0582,0
1451,161130.SZ,20180215,20180213,1.0367,1.0367,,,,1.0367,0
1452,161130.SZ,20180214,20180212,1.0281,1.0281,,,,1.0281,0
1453,161130.SZ,20180213,20180209,1.0146,1.0146,,,,1.0146,0
1454,161130.SZ,20180210,20180208,0.9923,0.9923,,,,0.9923,0
1455,161130.SZ,20180209,20180207,1.0346,1.0346,,,,1.0346,0
1456,161130.SZ,20180208,20180206,1.0507,1.0507,,,,1.0507,0
1457,161130.SZ,20180207,20180205,1.0243,1.0243,,,,1.0243,0
1458,161130.SZ,20180206,20180202,1.0615,1.0615,,,,1.0615,0
1459,161130.SZ,20180203,20180201,1.0853,1.0853,,,,1.0853,0
1460,161130.SZ,20180202,20180131,1.0975,1.0975,,,,1.0975,0
1461,161130.SZ,20180201,20180130,1.0943,1.0943,,,,1.0943,0
1462,161130.SZ,20180131,20180129,1.102,1.102,,,,1.102,0
1463,161130.SZ,20180130,20180126,1.1103,1.1103,,,,1.1103,0
1464,161130.SZ,20180127,20180125,1.0994,1.0994,,,,1.0994,0
1465,161130.SZ,20180126,20180124,1.1033,1.1033,,,,1.1033,0
1466,161130.SZ,20180125,20180123,1.1116,1.1116,,,,1.1116,0
1467,161130.SZ,20180124,20180122,1.1049,1.1049,,,,1.1049,0
1468,161130.SZ,20180123,20180119,1.0951,1.0951,,,,1.0951,0
1469,161130.SZ,20180120,20180118,1.0956,1.0956,,,,1.0956,0
1470,161130.SZ,20180119,20180117,1.0944,1.0944,,,,1.0944,0
1471,161130.SZ,20180118,20180116,1.0838,1.0838,,,,1.0838,0
1472,161130.SZ,20180116,20180112,1.0969,1.0969,,,,1.0969,0
1473,161130.SZ,20180113,20180111,1.093,1.093,,,,1.093,0
1474,161130.SZ,20180112,20180110,1.0871,1.0871,,,,1.0871,0
1475,161130.SZ,20180111,20180109,1.0854,1.0854,,,,1.0854,0
1476,161130.SZ,20180110,20180108,1.0829,1.0829,,,,1.0829,0
1477,161130.SZ,20180109,20180105,1.0809,1.0809,,,,1.0809,0
1478,161130.SZ,20180106,20180104,1.0726,1.0726,,,,1.0726,0
1479,161130.SZ,20180105,20180103,1.0691,1.0691,,,,1.0691,0
1480,161130.SZ,20180104,20180102,1.0617,1.0617,,,,1.0617,0
1481,161130.SZ,20180103,20171231,1.0481,1.0481,,71641504.01,71641504.01,1.0481,0
1482,161130.SZ,20180103,20171229,1.0491,1.0491,,,,1.0491,0
1483,161130.SZ,20171230,20171228,1.0573,1.0573,,,,1.0573,0
1484,161130.SZ,20171229,20171227,1.0564,1.0564,,,,1.0564,0
1485,161130.SZ,20171228,20171226,1.0561,1.0561,,,,1.0561,0
1486,161130.SZ,20171226,20171222,1.0677,1.0677,,,,1.0677,0
1487,161130.SZ,20171223,20171221,1.0686,1.0686,,,,1.0686,0
1488,161130.SZ,20171222,20171220,1.0731,1.0731,,,,1.0731,0
1489,161130.SZ,20171221,20171219,1.0749,1.0749,,,,1.0749,0
1490,161130.SZ,20171220,20171218,1.0811,1.0811,,,,1.0811,0
1491,161130.SZ,20171219,20171215,1.073,1.073,,,,1.073,0
1492,161130.SZ,20171216,20171214,1.0597,1.0597,,,,1.0597,0
1493,161130.SZ,20171215,20171213,1.0639,1.0639,,,,1.0639,0
1494,161130.SZ,20171214,20171212,1.0608,1.0608,,,,1.0608,0
1495,161130.SZ,20171213,20171211,1.0623,1.0623,,,,1.0623,0
1496,161130.SZ,20171212,20171208,1.0556,1.0556,,,,1.0556,0
1497,161130.SZ,20171209,20171207,1.0508,1.0508,,,,1.0508,0
1498,161130.SZ,20171208,20171206,1.0466,1.0466,,,,1.0466,0
1499,161130.SZ,20171207,20171205,1.0416,1.0416,,,,1.0416,0
1500,161130.SZ,20171206,20171204,1.0413,1.0413,,,,1.0413,0
1501,161130.SZ,20171205,20171201,1.0525,1.0525,,,,1.0525,0
1502,161130.SZ,20171202,20171130,1.0563,1.0563,,,,1.0563,0
1503,161130.SZ,20171201,20171129,1.0474,1.0474,,,,1.0474,0
1504,161130.SZ,20171130,20171128,1.0637,1.0637,,,,1.0637,0
1505,161130.SZ,20171129,20171127,1.0598,1.0598,,,,1.0598,0
1506,161130.SZ,20171128,20171124,1.0595,1.0595,,,,1.0595,0
1507,161130.SZ,20171124,20171122,1.0638,1.0638,,,,1.0638,0
1508,161130.SZ,20171123,20171121,1.0636,1.0636,,,,1.0636,0
1509,161130.SZ,20171122,20171120,1.0512,1.0512,,,,1.0512,0
1510,161130.SZ,20171121,20171117,1.0524,1.0524,,,,1.0524,0
1511,161130.SZ,20171118,20171116,1.0564,1.0564,,,,1.0564,0
1512,161130.SZ,20171117,20171115,1.0431,1.0431,,,,1.0431,0
1513,161130.SZ,20171116,20171114,1.0505,1.0505,,,,1.0505,0
1514,161130.SZ,20171115,20171113,1.0533,1.0533,,,,1.0533,0
1515,161130.SZ,20171114,20171110,1.0512,1.0512,,,,1.0512,0
1516,161130.SZ,20171111,20171109,1.052,1.052,,,,1.052,0
1517,161130.SZ,20171110,20171108,1.0565,1.0565,,,,1.0565,0
1518,161130.SZ,20171109,20171107,1.0516,1.0516,,,,1.0516,0
1519,161130.SZ,20171108,20171106,1.051,1.051,,,,1.051,0
1520,161130.SZ,20171107,20171103,1.0448,1.0448,,,,1.0448,0
1521,161130.SZ,20171104,20171102,1.0378,1.0378,,,,1.0378,0
1522,161130.SZ,20171103,20171101,1.0417,1.0417,,,,1.0417,0
1523,161130.SZ,20171102,20171031,1.0434,1.0434,,,,1.0434,0
1524,161130.SZ,20171101,20171030,1.0415,1.0415,,,,1.0415,0
1525,161130.SZ,20171031,20171027,1.0391,1.0391,,,,1.0391,0
1526,161130.SZ,20171028,20171026,1.0086,1.0086,,,,1.0086,0
1527,161130.SZ,20171027,20171025,1.0118,1.0118,,,,1.0118,0
1528,161130.SZ,20171026,20171024,1.015,1.015,,,,1.015,0
1529,161130.SZ,20171025,20171023,1.0122,1.0122,,,,1.0122,0
1530,161130.SZ,20171024,20171020,1.017,1.017,,,,1.017,0
1531,161130.SZ,20171021,20171019,1.0145,1.0145,,,,1.0145,0
1532,161130.SZ,20171020,20171018,1.0164,1.0164,,,,1.0164,0
1533,161130.SZ,20171019,20171017,1.016,1.016,,,,1.016,0
1534,161130.SZ,20171018,20171016,1.0141,1.0141,,,,1.0141,0
1535,161130.SZ,20171017,20171013,1.0112,1.0112,,,,1.0112,0
1536,161130.SZ,20171014,20171012,1.0068,1.0068,,,,1.0068,0
1537,161130.SZ,20171013,20171011,1.0091,1.0091,,,,1.0091,0
1538,161130.SZ,20171012,20171010,1.013,1.013,,,,1.013,0
1539,161130.SZ,20171011,20171009,1.0156,1.0156,,,,1.0156,0
1540,161130.SZ,20171026,20170930,1.0015,1.0015,,92179810.33,92179810.33,1.0015,0
1541,161130.SZ,20171010,20170929,1.0022,1.0022,,,,1.0022,0
1542,161130.SZ,20170930,20170928,0.9938,0.9938,,,,0.9938,0
1543,161130.SZ,20170929,20170927,0.9932,0.9932,,,,0.9932,0
1544,161130.SZ,20170928,20170926,0.9829,0.9829,,,,0.9829,0
1545,161130.SZ,20170927,20170925,0.9789,0.9789,,,,0.9789,0
1546,161130.SZ,20170926,20170922,0.9879,0.9879,,,,0.9879,0
1547,161130.SZ,20170923,20170921,0.9885,0.9885,,,,0.9885,0
1548,161130.SZ,20170922,20170920,0.9917,0.9917,,,,0.9917,0
1549,161130.SZ,20170921,20170919,0.9924,0.9924,,,,0.9924,0
1550,161130.SZ,20170920,20170918,0.9895,0.9895,,,,0.9895,0
1551,161130.SZ,20170919,20170915,0.9907,0.9907,,,,0.9907,0
1552,161130.SZ,20170916,20170914,0.9888,0.9888,,,,0.9888,0
1553,161130.SZ,20170915,20170913,0.9925,0.9925,,,,0.9925,0
1554,161130.SZ,20170914,20170912,0.9901,0.9901,,,,0.9901,0
1555,161130.SZ,20170913,20170911,0.9845,0.9845,,,,0.9845,0
1556,161130.SZ,20170912,20170908,0.9764,0.9764,,,,0.9764,0
1557,161130.SZ,20170909,20170907,0.9855,0.9855,,,,0.9855,0
1558,161130.SZ,20170908,20170906,0.9843,0.9843,,,,0.9843,0
1559,161130.SZ,20170907,20170905,0.9833,0.9833,,,,0.9833,0
1560,161130.SZ,20170905,20170901,0.9945,0.9945,,,,0.9945,0
1561,161130.SZ,20170902,20170831,0.9956,0.9956,,,,0.9956,0
1562,161130.SZ,20170901,20170830,0.9912,0.9912,,,,0.9912,0
1563,161130.SZ,20170831,20170829,0.9861,0.9861,,,,0.9861,0
1564,161130.SZ,20170830,20170828,0.9843,0.9843,,,,0.9843,0
1565,161130.SZ,20170829,20170825,0.9849,0.9849,,,,0.9849,0
1566,161130.SZ,20170826,20170824,0.9856,0.9856,,,,0.9856,0
1567,161130.SZ,20170825,20170823,0.9883,0.9883,,,,0.9883,0
1568,161130.SZ,20170824,20170822,0.9901,0.9901,,,,0.9901,0
1569,161130.SZ,20170823,20170821,0.9827,0.9827,,,,0.9827,0
1570,161130.SZ,20170822,20170818,0.9836,0.9836,,,,0.9836,0
1571,161130.SZ,20170819,20170817,0.9838,0.9838,,,,0.9838,0
1572,161130.SZ,20170818,20170816,0.9962,0.9962,,,,0.9962,0
1573,161130.SZ,20170817,20170815,0.9944,0.9944,,,,0.9944,0
1574,161130.SZ,20170816,20170814,0.9933,0.9933,,,,0.9933,0
1575,161130.SZ,20170815,20170811,0.9863,0.9863,,,,0.9863,0
1576,161130.SZ,20170812,20170810,0.9833,0.9833,,,,0.9833,0
1577,161130.SZ,20170811,20170809,0.998,0.998,,,,0.998,0
1578,161130.SZ,20170810,20170808,0.9994,0.9994,,,,0.9994,0
1579,161130.SZ,20170809,20170807,1.0002,1.0002,,,,1.0002,0
1580,161130.SZ,20170808,20170804,0.9972,0.9972,,,,0.9972,0
1581,161130.SZ,20170805,20170803,0.9972,0.9972,,,,0.9972,0
1582,161130.SZ,20170804,20170802,0.9987,0.9987,,,,0.9987,0
1583,161130.SZ,20170803,20170801,0.997,0.997,,,,0.997,0
1584,161130.SZ,20170802,20170731,0.9968,0.9968,,,,0.9968,0
1585,161130.SZ,20170801,20170728,0.9994,0.9994,,,,0.9994,0
1586,161130.SZ,20170729,20170727,0.9998,0.9998,,,,0.9998,0
1587,161130.SZ,20170728,20170726,1.0028,1.0028,,,,1.0028,0
1588,161130.SZ,20170727,20170725,1.0015,1.0015,,,,1.0015,0
1589,161130.SZ,20170726,20170724,1.0017,1.0017,,,,1.0017,0
1590,161130.SZ,20170725,20170721,1.0007,1.0007,,,,1.0007,0
1591,161130.SZ,20170722,20170720,1.0008,1.0008,,,,1.0008,0
1592,161130.SZ,20170721,20170719,1.002,1.002,,,,1.002,0
1593,161130.SZ,20170720,20170718,1.0019,1.0019,,,,1.0019,0
1594,161130.SZ,20170719,20170717,1.0014,1.0014,,,,1.0014,0
1595,161130.SZ,20170718,20170714,1.0008,1.0008,,,,1.0008,0
1596,161130.SZ,20170715,20170713,1.0008,1.0008,,333364171.04,333364171.04,1.0008,0
1597,161130.SZ,20170714,20170712,1.0008,1.0008,,,,1.0008,0
1598,161130.SZ,20170713,20170711,1.0009,1.0009,,,,1.0009,0
1599,161130.SZ,20170712,20170710,1.0008,1.0008,,,,1.0008,0
1600,161130.SZ,20170711,20170707,1.0006,1.0006,,333303219.95,333303219.95,1.0006,0
1601,161130.SZ,20170711,20170706,1.0006,1.0006,,333284888.86,333284888.86,1.0006,0
1602,161130.SZ,20170704,20170630,1.0001,1.0001,,333139976.39,333139976.39,1.0001,0
1603,161130.SZ,20170624,20170623,1.0001,1.0001,,333131427.19,333131427.19,1.0001,0
1604,161130.SZ,20170623,20170622,1.0,1.0,,,,1.0,0
