timing,real_time
1706423676.4135973,2024-01-28 14:34:36.413597
1706423676.5486317,2024-01-28 14:34:36.548632
1706423676.6536365,2024-01-28 14:34:36.653636
1706423676.7586746,2024-01-28 14:34:36.758675
1706423676.898216,2024-01-28 14:34:36.898216
1706423677.0492382,2024-01-28 14:34:37.049238
1706423677.2042837,2024-01-28 14:34:37.204284
1706423677.3823044,2024-01-28 14:34:37.382304
1706423677.5533855,2024-01-28 14:34:37.553385
1706423677.6974168,2024-01-28 14:34:37.697417
1706423677.8744564,2024-01-28 14:34:37.874456
1706423678.0645137,2024-01-28 14:34:38.064514
1706423678.213579,2024-01-28 14:34:38.213579
1706423678.36061,2024-01-28 14:34:38.360610
1706423678.508643,2024-01-28 14:34:38.508643
1706423678.697784,2024-01-28 14:34:38.697784
1706423678.8608215,2024-01-28 14:34:38.860821
1706423679.0548642,2024-01-28 14:34:39.054864
1706423679.2189205,2024-01-28 14:34:39.218920
1706423679.4129508,2024-01-28 14:34:39.412951
1706423679.5870798,2024-01-28 14:34:39.587080
1706423679.7941213,2024-01-28 14:34:39.794121
1706423679.9801476,2024-01-28 14:34:39.980148
1706423680.150206,2024-01-28 14:34:40.150206
1706423680.3162432,2024-01-28 14:34:40.316243
1706423680.5244951,2024-01-28 14:34:40.524495
1706423680.7015226,2024-01-28 14:34:40.701523
1706423680.9137526,2024-01-28 14:34:40.913753
1706423680.9257557,2024-01-28 14:34:40.925756
